year,mm-dd,location,parameter,unit,datatype,value
2017,20-Apr,BON,outflow,kcfs,Outflow,345.7
2017,21-Apr,BON,outflow,kcfs,Outflow,375.3
2017,22-Apr,BON,outflow,kcfs,Outflow,380.4
2017,23-Apr,BON,outflow,kcfs,Outflow,376.4
2017,24-Apr,BON,outflow,kcfs,Outflow,361.1
2017,25-Apr,BON,outflow,kcfs,Outflow,365.2
2017,26-Apr,BON,outflow,kcfs,Outflow,377.3
2017,27-Apr,BON,outflow,kcfs,Outflow,380.2
2017,28-Apr,BON,outflow,kcfs,Outflow,384.3
2017,29-Apr,BON,outflow,kcfs,Outflow,381.6
2017,30-Apr,BON,outflow,kcfs,Outflow,361.8
2017,1-May,BON,outflow,kcfs,Outflow,352.4
2017,2-May,BON,outflow,kcfs,Outflow,350.6
2017,3-May,BON,outflow,kcfs,Outflow,345.8
2017,4-May,BON,outflow,kcfs,Outflow,340.8
2017,5-May,BON,outflow,kcfs,Outflow,350.6
2017,6-May,BON,outflow,kcfs,Outflow,388.4
2017,7-May,BON,outflow,kcfs,Outflow,436.8
2017,8-May,BON,outflow,kcfs,Outflow,454.5
2017,9-May,BON,outflow,kcfs,Outflow,451.8
2017,10-May,BON,outflow,kcfs,Outflow,443.5
2017,11-May,BON,outflow,kcfs,Outflow,438.7
2017,12-May,BON,outflow,kcfs,Outflow,450.4
2017,13-May,BON,outflow,kcfs,Outflow,441.5
2017,14-May,BON,outflow,kcfs,Outflow,438.6
2017,15-May,BON,outflow,kcfs,Outflow,438.4
2017,16-May,BON,outflow,kcfs,Outflow,435.7
2017,17-May,BON,outflow,kcfs,Outflow,429.5
2017,18-May,BON,outflow,kcfs,Outflow,434.2
2017,19-May,BON,outflow,kcfs,Outflow,423.2
2017,20-May,BON,outflow,kcfs,Outflow,410
2017,21-May,BON,outflow,kcfs,Outflow,402.4
2017,22-May,BON,outflow,kcfs,Outflow,391.7
2017,23-May,BON,outflow,kcfs,Outflow,395.3
2017,24-May,BON,outflow,kcfs,Outflow,405.7
2017,25-May,BON,outflow,kcfs,Outflow,435.7
2017,26-May,BON,outflow,kcfs,Outflow,440.3
2017,27-May,BON,outflow,kcfs,Outflow,432.1
2017,28-May,BON,outflow,kcfs,Outflow,420.9
2017,29-May,BON,outflow,kcfs,Outflow,414.5
2017,30-May,BON,outflow,kcfs,Outflow,426.4
2017,31-May,BON,outflow,kcfs,Outflow,446.9
2017,1-Jun,BON,outflow,kcfs,Outflow,452.7
2017,20-Apr,JDA,outflow,kcfs,Outflow,331.2
2017,21-Apr,JDA,outflow,kcfs,Outflow,380.6
2017,22-Apr,JDA,outflow,kcfs,Outflow,366.9
2017,23-Apr,JDA,outflow,kcfs,Outflow,354.7
2017,24-Apr,JDA,outflow,kcfs,Outflow,352.4
2017,25-Apr,JDA,outflow,kcfs,Outflow,344.8
2017,26-Apr,JDA,outflow,kcfs,Outflow,369.1
2017,27-Apr,JDA,outflow,kcfs,Outflow,368.7
2017,28-Apr,JDA,outflow,kcfs,Outflow,373
2017,29-Apr,JDA,outflow,kcfs,Outflow,369
2017,30-Apr,JDA,outflow,kcfs,Outflow,344.5
2017,1-May,JDA,outflow,kcfs,Outflow,336.3
2017,2-May,JDA,outflow,kcfs,Outflow,345
2017,3-May,JDA,outflow,kcfs,Outflow,330.3
2017,4-May,JDA,outflow,kcfs,Outflow,320.6
2017,5-May,JDA,outflow,kcfs,Outflow,343.8
2017,6-May,JDA,outflow,kcfs,Outflow,391
2017,7-May,JDA,outflow,kcfs,Outflow,437.1
2017,8-May,JDA,outflow,kcfs,Outflow,450.8
2017,9-May,JDA,outflow,kcfs,Outflow,438.9
2017,10-May,JDA,outflow,kcfs,Outflow,435.5
2017,11-May,JDA,outflow,kcfs,Outflow,433.5
2017,12-May,JDA,outflow,kcfs,Outflow,439.1
2017,13-May,JDA,outflow,kcfs,Outflow,444.8
2017,14-May,JDA,outflow,kcfs,Outflow,434.1
2017,15-May,JDA,outflow,kcfs,Outflow,433.9
2017,16-May,JDA,outflow,kcfs,Outflow,423.4
2017,17-May,JDA,outflow,kcfs,Outflow,424.6
2017,18-May,JDA,outflow,kcfs,Outflow,434.6
2017,19-May,JDA,outflow,kcfs,Outflow,415.1
2017,20-May,JDA,outflow,kcfs,Outflow,406
2017,21-May,JDA,outflow,kcfs,Outflow,388.7
2017,22-May,JDA,outflow,kcfs,Outflow,389.1
2017,23-May,JDA,outflow,kcfs,Outflow,400.6
2017,24-May,JDA,outflow,kcfs,Outflow,402.5
2017,25-May,JDA,outflow,kcfs,Outflow,437.1
2017,26-May,JDA,outflow,kcfs,Outflow,443.1
2017,27-May,JDA,outflow,kcfs,Outflow,426.7
2017,28-May,JDA,outflow,kcfs,Outflow,413.3
2017,29-May,JDA,outflow,kcfs,Outflow,418.9
2017,30-May,JDA,outflow,kcfs,Outflow,428.7
2017,31-May,JDA,outflow,kcfs,Outflow,439.9
2017,1-Jun,JDA,outflow,kcfs,Outflow,449.3
2017,20-Apr,TDA,outflow,kcfs,Outflow,315.2
2017,21-Apr,TDA,outflow,kcfs,Outflow,363.6
2017,22-Apr,TDA,outflow,kcfs,Outflow,355.4
2017,23-Apr,TDA,outflow,kcfs,Outflow,347.9
2017,24-Apr,TDA,outflow,kcfs,Outflow,335.4
2017,25-Apr,TDA,outflow,kcfs,Outflow,335.2
2017,26-Apr,TDA,outflow,kcfs,Outflow,358.1
2017,27-Apr,TDA,outflow,kcfs,Outflow,354.9
2017,28-Apr,TDA,outflow,kcfs,Outflow,360.4
2017,29-Apr,TDA,outflow,kcfs,Outflow,359.2
2017,30-Apr,TDA,outflow,kcfs,Outflow,330.5
2017,1-May,TDA,outflow,kcfs,Outflow,322.9
2017,2-May,TDA,outflow,kcfs,Outflow,335.7
2017,3-May,TDA,outflow,kcfs,Outflow,318.2
2017,4-May,TDA,outflow,kcfs,Outflow,312.5
2017,5-May,TDA,outflow,kcfs,Outflow,326.1
2017,6-May,TDA,outflow,kcfs,Outflow,375
2017,7-May,TDA,outflow,kcfs,Outflow,426.3
2017,8-May,TDA,outflow,kcfs,Outflow,436.2
2017,9-May,TDA,outflow,kcfs,Outflow,433.4
2017,10-May,TDA,outflow,kcfs,Outflow,427.1
2017,11-May,TDA,outflow,kcfs,Outflow,423.9
2017,12-May,TDA,outflow,kcfs,Outflow,425.7
2017,13-May,TDA,outflow,kcfs,Outflow,423.5
2017,14-May,TDA,outflow,kcfs,Outflow,419.4
2017,15-May,TDA,outflow,kcfs,Outflow,421.1
2017,16-May,TDA,outflow,kcfs,Outflow,408.7
2017,17-May,TDA,outflow,kcfs,Outflow,409.8
2017,18-May,TDA,outflow,kcfs,Outflow,426.5
2017,19-May,TDA,outflow,kcfs,Outflow,403.1
2017,20-May,TDA,outflow,kcfs,Outflow,389.7
2017,21-May,TDA,outflow,kcfs,Outflow,371.1
2017,22-May,TDA,outflow,kcfs,Outflow,371.1
2017,23-May,TDA,outflow,kcfs,Outflow,378.2
2017,24-May,TDA,outflow,kcfs,Outflow,392.3
2017,25-May,TDA,outflow,kcfs,Outflow,419
2017,26-May,TDA,outflow,kcfs,Outflow,422.9
2017,27-May,TDA,outflow,kcfs,Outflow,412.5
2017,28-May,TDA,outflow,kcfs,Outflow,390
2017,29-May,TDA,outflow,kcfs,Outflow,400
2017,30-May,TDA,outflow,kcfs,Outflow,410.8
2017,31-May,TDA,outflow,kcfs,Outflow,426.9
2017,1-Jun,TDA,outflow,kcfs,Outflow,431.2
2016,20-Apr,BON,outflow,kcfs,Outflow,307.8
2016,21-Apr,BON,outflow,kcfs,Outflow,295
2016,22-Apr,BON,outflow,kcfs,Outflow,331.3
2016,23-Apr,BON,outflow,kcfs,Outflow,350.3
2016,24-Apr,BON,outflow,kcfs,Outflow,347.4
2016,25-Apr,BON,outflow,kcfs,Outflow,350.8
2016,26-Apr,BON,outflow,kcfs,Outflow,336.9
2016,27-Apr,BON,outflow,kcfs,Outflow,306.6
2016,28-Apr,BON,outflow,kcfs,Outflow,304.9
2016,29-Apr,BON,outflow,kcfs,Outflow,303.4
2016,30-Apr,BON,outflow,kcfs,Outflow,296.1
2016,1-May,BON,outflow,kcfs,Outflow,285.3
2016,2-May,BON,outflow,kcfs,Outflow,273
2016,3-May,BON,outflow,kcfs,Outflow,254.8
2016,4-May,BON,outflow,kcfs,Outflow,260.4
2016,5-May,BON,outflow,kcfs,Outflow,249.3
2016,6-May,BON,outflow,kcfs,Outflow,284.8
2016,7-May,BON,outflow,kcfs,Outflow,278.6
2016,8-May,BON,outflow,kcfs,Outflow,298.4
2016,9-May,BON,outflow,kcfs,Outflow,283.3
2016,10-May,BON,outflow,kcfs,Outflow,309.2
2016,11-May,BON,outflow,kcfs,Outflow,299.7
2016,12-May,BON,outflow,kcfs,Outflow,290
2016,13-May,BON,outflow,kcfs,Outflow,272.2
2016,14-May,BON,outflow,kcfs,Outflow,261.2
2016,15-May,BON,outflow,kcfs,Outflow,252.1
2016,16-May,BON,outflow,kcfs,Outflow,264.7
2016,17-May,BON,outflow,kcfs,Outflow,276.9
2016,18-May,BON,outflow,kcfs,Outflow,241.3
2016,19-May,BON,outflow,kcfs,Outflow,237.1
2016,20-May,BON,outflow,kcfs,Outflow,265.7
2016,21-May,BON,outflow,kcfs,Outflow,252.7
2016,22-May,BON,outflow,kcfs,Outflow,208.9
2016,23-May,BON,outflow,kcfs,Outflow,207.8
2016,24-May,BON,outflow,kcfs,Outflow,229.1
2016,25-May,BON,outflow,kcfs,Outflow,232.6
2016,26-May,BON,outflow,kcfs,Outflow,217.8
2016,27-May,BON,outflow,kcfs,Outflow,228.2
2016,28-May,BON,outflow,kcfs,Outflow,208.3
2016,29-May,BON,outflow,kcfs,Outflow,201.6
2016,30-May,BON,outflow,kcfs,Outflow,213.6
2016,31-May,BON,outflow,kcfs,Outflow,224.4
2016,1-Jun,BON,outflow,kcfs,Outflow,194.5
2016,20-Apr,JDA,outflow,kcfs,Outflow,291.6
2016,21-Apr,JDA,outflow,kcfs,Outflow,303.9
2016,22-Apr,JDA,outflow,kcfs,Outflow,338.2
2016,23-Apr,JDA,outflow,kcfs,Outflow,328.6
2016,24-Apr,JDA,outflow,kcfs,Outflow,344.3
2016,25-Apr,JDA,outflow,kcfs,Outflow,342.6
2016,26-Apr,JDA,outflow,kcfs,Outflow,324.3
2016,27-Apr,JDA,outflow,kcfs,Outflow,300.7
2016,28-Apr,JDA,outflow,kcfs,Outflow,311.7
2016,29-Apr,JDA,outflow,kcfs,Outflow,298.2
2016,30-Apr,JDA,outflow,kcfs,Outflow,276.6
2016,1-May,JDA,outflow,kcfs,Outflow,265
2016,2-May,JDA,outflow,kcfs,Outflow,260.8
2016,3-May,JDA,outflow,kcfs,Outflow,248.3
2016,4-May,JDA,outflow,kcfs,Outflow,249.4
2016,5-May,JDA,outflow,kcfs,Outflow,251
2016,6-May,JDA,outflow,kcfs,Outflow,275.8
2016,7-May,JDA,outflow,kcfs,Outflow,266.4
2016,8-May,JDA,outflow,kcfs,Outflow,282.9
2016,9-May,JDA,outflow,kcfs,Outflow,281.9
2016,10-May,JDA,outflow,kcfs,Outflow,299.2
2016,11-May,JDA,outflow,kcfs,Outflow,288.9
2016,12-May,JDA,outflow,kcfs,Outflow,272.7
2016,13-May,JDA,outflow,kcfs,Outflow,270.9
2016,14-May,JDA,outflow,kcfs,Outflow,256.8
2016,15-May,JDA,outflow,kcfs,Outflow,246.2
2016,16-May,JDA,outflow,kcfs,Outflow,264.8
2016,17-May,JDA,outflow,kcfs,Outflow,271.7
2016,18-May,JDA,outflow,kcfs,Outflow,228.5
2016,19-May,JDA,outflow,kcfs,Outflow,236.7
2016,20-May,JDA,outflow,kcfs,Outflow,267.5
2016,21-May,JDA,outflow,kcfs,Outflow,231.6
2016,22-May,JDA,outflow,kcfs,Outflow,197.5
2016,23-May,JDA,outflow,kcfs,Outflow,213.2
2016,24-May,JDA,outflow,kcfs,Outflow,227.6
2016,25-May,JDA,outflow,kcfs,Outflow,227.3
2016,26-May,JDA,outflow,kcfs,Outflow,219.8
2016,27-May,JDA,outflow,kcfs,Outflow,225.8
2016,28-May,JDA,outflow,kcfs,Outflow,204.3
2016,29-May,JDA,outflow,kcfs,Outflow,193.8
2016,30-May,JDA,outflow,kcfs,Outflow,216.6
2016,31-May,JDA,outflow,kcfs,Outflow,223.5
2016,1-Jun,JDA,outflow,kcfs,Outflow,180.1
2016,20-Apr,TDA,outflow,kcfs,Outflow,275.8
2016,21-Apr,TDA,outflow,kcfs,Outflow,286.3
2016,22-Apr,TDA,outflow,kcfs,Outflow,322.7
2016,23-Apr,TDA,outflow,kcfs,Outflow,315.6
2016,24-Apr,TDA,outflow,kcfs,Outflow,330.2
2016,25-Apr,TDA,outflow,kcfs,Outflow,331.6
2016,26-Apr,TDA,outflow,kcfs,Outflow,308
2016,27-Apr,TDA,outflow,kcfs,Outflow,285.8
2016,28-Apr,TDA,outflow,kcfs,Outflow,299.1
2016,29-Apr,TDA,outflow,kcfs,Outflow,280.1
2016,30-Apr,TDA,outflow,kcfs,Outflow,268.8
2016,1-May,TDA,outflow,kcfs,Outflow,258.5
2016,2-May,TDA,outflow,kcfs,Outflow,249
2016,3-May,TDA,outflow,kcfs,Outflow,234.7
2016,4-May,TDA,outflow,kcfs,Outflow,239.3
2016,5-May,TDA,outflow,kcfs,Outflow,233.6
2016,6-May,TDA,outflow,kcfs,Outflow,263.3
2016,7-May,TDA,outflow,kcfs,Outflow,249.4
2016,8-May,TDA,outflow,kcfs,Outflow,278.7
2016,9-May,TDA,outflow,kcfs,Outflow,270.3
2016,10-May,TDA,outflow,kcfs,Outflow,287
2016,11-May,TDA,outflow,kcfs,Outflow,274.6
2016,12-May,TDA,outflow,kcfs,Outflow,264.9
2016,13-May,TDA,outflow,kcfs,Outflow,256.7
2016,14-May,TDA,outflow,kcfs,Outflow,235.1
2016,15-May,TDA,outflow,kcfs,Outflow,229.2
2016,16-May,TDA,outflow,kcfs,Outflow,246.7
2016,17-May,TDA,outflow,kcfs,Outflow,254
2016,18-May,TDA,outflow,kcfs,Outflow,214
2016,19-May,TDA,outflow,kcfs,Outflow,218.2
2016,20-May,TDA,outflow,kcfs,Outflow,247.7
2016,21-May,TDA,outflow,kcfs,Outflow,216.7
2016,22-May,TDA,outflow,kcfs,Outflow,184.5
2016,23-May,TDA,outflow,kcfs,Outflow,197
2016,24-May,TDA,outflow,kcfs,Outflow,212.7
2016,25-May,TDA,outflow,kcfs,Outflow,209.4
2016,26-May,TDA,outflow,kcfs,Outflow,202.5
2016,27-May,TDA,outflow,kcfs,Outflow,211.2
2016,28-May,TDA,outflow,kcfs,Outflow,190.7
2016,29-May,TDA,outflow,kcfs,Outflow,174.9
2016,30-May,TDA,outflow,kcfs,Outflow,201.6
2016,31-May,TDA,outflow,kcfs,Outflow,207.2
2016,1-Jun,TDA,outflow,kcfs,Outflow,163.9
2015,20-Apr,JDA,outflow,kcfs,Outflow,166.5
2015,21-Apr,JDA,outflow,kcfs,Outflow,158.6
2015,22-Apr,JDA,outflow,kcfs,Outflow,159
2015,23-Apr,JDA,outflow,kcfs,Outflow,168.6
2015,24-Apr,JDA,outflow,kcfs,Outflow,157.9
2015,25-Apr,JDA,outflow,kcfs,Outflow,150.7
2015,26-Apr,JDA,outflow,kcfs,Outflow,156.3
2015,27-Apr,JDA,outflow,kcfs,Outflow,179.7
2015,28-Apr,JDA,outflow,kcfs,Outflow,160.4
2015,29-Apr,JDA,outflow,kcfs,Outflow,150.1
2015,30-Apr,JDA,outflow,kcfs,Outflow,135
2015,1-May,JDA,outflow,kcfs,Outflow,165
2015,2-May,JDA,outflow,kcfs,Outflow,185
2015,3-May,JDA,outflow,kcfs,Outflow,177
2015,4-May,JDA,outflow,kcfs,Outflow,185.1
2015,5-May,JDA,outflow,kcfs,Outflow,165.4
2015,6-May,JDA,outflow,kcfs,Outflow,170
2015,7-May,JDA,outflow,kcfs,Outflow,171.6
2015,8-May,JDA,outflow,kcfs,Outflow,169
2015,9-May,JDA,outflow,kcfs,Outflow,159.4
2015,10-May,JDA,outflow,kcfs,Outflow,143.2
2015,11-May,JDA,outflow,kcfs,Outflow,141.9
2015,12-May,JDA,outflow,kcfs,Outflow,166.2
2015,13-May,JDA,outflow,kcfs,Outflow,186.2
2015,14-May,JDA,outflow,kcfs,Outflow,193.3
2015,15-May,JDA,outflow,kcfs,Outflow,198.1
2015,16-May,JDA,outflow,kcfs,Outflow,179.5
2015,17-May,JDA,outflow,kcfs,Outflow,168.7
2015,18-May,JDA,outflow,kcfs,Outflow,205.7
2015,19-May,JDA,outflow,kcfs,Outflow,200.6
2015,20-May,JDA,outflow,kcfs,Outflow,194.1
2015,21-May,JDA,outflow,kcfs,Outflow,212.4
2015,22-May,JDA,outflow,kcfs,Outflow,201.8
2015,23-May,JDA,outflow,kcfs,Outflow,203
2015,24-May,JDA,outflow,kcfs,Outflow,223.8
2015,25-May,JDA,outflow,kcfs,Outflow,210.4
2015,26-May,JDA,outflow,kcfs,Outflow,211.9
2015,27-May,JDA,outflow,kcfs,Outflow,219.6
2015,28-May,JDA,outflow,kcfs,Outflow,212
2015,29-May,JDA,outflow,kcfs,Outflow,205
2015,30-May,JDA,outflow,kcfs,Outflow,181.4
2015,31-May,JDA,outflow,kcfs,Outflow,195.6
2015,1-Jun,JDA,outflow,kcfs,Outflow,196
2015,20-Apr,BON,outflow,kcfs,Outflow,185.2
2015,21-Apr,BON,outflow,kcfs,Outflow,174.8
2015,22-Apr,BON,outflow,kcfs,Outflow,155.7
2015,23-Apr,BON,outflow,kcfs,Outflow,164
2015,24-Apr,BON,outflow,kcfs,Outflow,146.3
2015,25-Apr,BON,outflow,kcfs,Outflow,154.7
2015,26-Apr,BON,outflow,kcfs,Outflow,158.5
2015,27-Apr,BON,outflow,kcfs,Outflow,186.7
2015,28-Apr,BON,outflow,kcfs,Outflow,161.1
2015,29-Apr,BON,outflow,kcfs,Outflow,155.9
2015,30-Apr,BON,outflow,kcfs,Outflow,146.5
2015,1-May,BON,outflow,kcfs,Outflow,163.4
2015,2-May,BON,outflow,kcfs,Outflow,174.3
2015,3-May,BON,outflow,kcfs,Outflow,188.1
2015,4-May,BON,outflow,kcfs,Outflow,191.5
2015,5-May,BON,outflow,kcfs,Outflow,175.2
2015,6-May,BON,outflow,kcfs,Outflow,171.9
2015,7-May,BON,outflow,kcfs,Outflow,172.1
2015,8-May,BON,outflow,kcfs,Outflow,172.6
2015,9-May,BON,outflow,kcfs,Outflow,157.3
2015,10-May,BON,outflow,kcfs,Outflow,146.4
2015,11-May,BON,outflow,kcfs,Outflow,145.8
2015,12-May,BON,outflow,kcfs,Outflow,176.6
2015,13-May,BON,outflow,kcfs,Outflow,184
2015,14-May,BON,outflow,kcfs,Outflow,192.9
2015,15-May,BON,outflow,kcfs,Outflow,205.1
2015,16-May,BON,outflow,kcfs,Outflow,172.6
2015,17-May,BON,outflow,kcfs,Outflow,171.1
2015,18-May,BON,outflow,kcfs,Outflow,208.8
2015,19-May,BON,outflow,kcfs,Outflow,205.9
2015,20-May,BON,outflow,kcfs,Outflow,198.4
2015,21-May,BON,outflow,kcfs,Outflow,210.2
2015,22-May,BON,outflow,kcfs,Outflow,202.1
2015,23-May,BON,outflow,kcfs,Outflow,200
2015,24-May,BON,outflow,kcfs,Outflow,213.2
2015,25-May,BON,outflow,kcfs,Outflow,218.5
2015,26-May,BON,outflow,kcfs,Outflow,213.7
2015,27-May,BON,outflow,kcfs,Outflow,218.5
2015,28-May,BON,outflow,kcfs,Outflow,215.1
2015,29-May,BON,outflow,kcfs,Outflow,204.9
2015,30-May,BON,outflow,kcfs,Outflow,173.4
2015,31-May,BON,outflow,kcfs,Outflow,176
2015,1-Jun,BON,outflow,kcfs,Outflow,201.2
2015,20-Apr,TDA,outflow,kcfs,Outflow,154.1
2015,21-Apr,TDA,outflow,kcfs,Outflow,148.4
2015,22-Apr,TDA,outflow,kcfs,Outflow,141.9
2015,23-Apr,TDA,outflow,kcfs,Outflow,153.6
2015,24-Apr,TDA,outflow,kcfs,Outflow,143.4
2015,25-Apr,TDA,outflow,kcfs,Outflow,139.4
2015,26-Apr,TDA,outflow,kcfs,Outflow,141.4
2015,27-Apr,TDA,outflow,kcfs,Outflow,166.8
2015,28-Apr,TDA,outflow,kcfs,Outflow,146.9
2015,29-Apr,TDA,outflow,kcfs,Outflow,136.3
2015,30-Apr,TDA,outflow,kcfs,Outflow,119.8
2015,1-May,TDA,outflow,kcfs,Outflow,150.2
2015,2-May,TDA,outflow,kcfs,Outflow,167.4
2015,3-May,TDA,outflow,kcfs,Outflow,164.3
2015,4-May,TDA,outflow,kcfs,Outflow,163.6
2015,5-May,TDA,outflow,kcfs,Outflow,148.2
2015,6-May,TDA,outflow,kcfs,Outflow,157.6
2015,7-May,TDA,outflow,kcfs,Outflow,158.3
2015,8-May,TDA,outflow,kcfs,Outflow,153.3
2015,9-May,TDA,outflow,kcfs,Outflow,145.4
2015,10-May,TDA,outflow,kcfs,Outflow,133.5
2015,11-May,TDA,outflow,kcfs,Outflow,127.9
2015,12-May,TDA,outflow,kcfs,Outflow,151.1
2015,13-May,TDA,outflow,kcfs,Outflow,170.6
2015,14-May,TDA,outflow,kcfs,Outflow,175.9
2015,15-May,TDA,outflow,kcfs,Outflow,185.8
2015,16-May,TDA,outflow,kcfs,Outflow,162.6
2015,17-May,TDA,outflow,kcfs,Outflow,152.5
2015,18-May,TDA,outflow,kcfs,Outflow,190.7
2015,19-May,TDA,outflow,kcfs,Outflow,184.5
2015,20-May,TDA,outflow,kcfs,Outflow,177.9
2015,21-May,TDA,outflow,kcfs,Outflow,194
2015,22-May,TDA,outflow,kcfs,Outflow,187.1
2015,23-May,TDA,outflow,kcfs,Outflow,188.9
2015,24-May,TDA,outflow,kcfs,Outflow,207.1
2015,25-May,TDA,outflow,kcfs,Outflow,194.2
2015,26-May,TDA,outflow,kcfs,Outflow,196.7
2015,27-May,TDA,outflow,kcfs,Outflow,201.4
2015,28-May,TDA,outflow,kcfs,Outflow,197.9
2015,29-May,TDA,outflow,kcfs,Outflow,186.8
2015,30-May,TDA,outflow,kcfs,Outflow,166.2
2015,31-May,TDA,outflow,kcfs,Outflow,179
2015,1-Jun,TDA,outflow,kcfs,Outflow,182.3
2014,20-Apr,BON,outflow,kcfs,Outflow,271.971
2014,21-Apr,BON,outflow,kcfs,Outflow,255.904
2014,22-Apr,BON,outflow,kcfs,Outflow,256.904
2014,23-Apr,BON,outflow,kcfs,Outflow,270.938
2014,24-Apr,BON,outflow,kcfs,Outflow,264.621
2014,25-Apr,BON,outflow,kcfs,Outflow,269.988
2014,26-Apr,BON,outflow,kcfs,Outflow,272.896
2014,27-Apr,BON,outflow,kcfs,Outflow,276.629
2014,28-Apr,BON,outflow,kcfs,Outflow,291.879
2014,29-Apr,BON,outflow,kcfs,Outflow,276.021
2014,30-Apr,BON,outflow,kcfs,Outflow,279.204
2014,1-May,BON,outflow,kcfs,Outflow,273.104
2014,2-May,BON,outflow,kcfs,Outflow,253.125
2014,3-May,BON,outflow,kcfs,Outflow,267.292
2014,4-May,BON,outflow,kcfs,Outflow,295.842
2014,5-May,BON,outflow,kcfs,Outflow,286.538
2014,6-May,BON,outflow,kcfs,Outflow,326.617
2014,7-May,BON,outflow,kcfs,Outflow,307.288
2014,8-May,BON,outflow,kcfs,Outflow,302
2014,9-May,BON,outflow,kcfs,Outflow,291.179
2014,10-May,BON,outflow,kcfs,Outflow,277.625
2014,11-May,BON,outflow,kcfs,Outflow,279.988
2014,12-May,BON,outflow,kcfs,Outflow,299.508
2014,13-May,BON,outflow,kcfs,Outflow,300.775
2014,14-May,BON,outflow,kcfs,Outflow,277.267
2014,15-May,BON,outflow,kcfs,Outflow,272
2014,16-May,BON,outflow,kcfs,Outflow,270.917
2014,17-May,BON,outflow,kcfs,Outflow,311.567
2014,18-May,BON,outflow,kcfs,Outflow,334.154
2014,19-May,BON,outflow,kcfs,Outflow,344.033
2014,20-May,BON,outflow,kcfs,Outflow,353.796
2014,21-May,BON,outflow,kcfs,Outflow,335.429
2014,22-May,BON,outflow,kcfs,Outflow,323.558
2014,23-May,BON,outflow,kcfs,Outflow,340.088
2014,24-May,BON,outflow,kcfs,Outflow,359.633
2014,25-May,BON,outflow,kcfs,Outflow,369.904
2014,26-May,BON,outflow,kcfs,Outflow,354.196
2014,27-May,BON,outflow,kcfs,Outflow,372.2
2014,28-May,BON,outflow,kcfs,Outflow,370.696
2014,29-May,BON,outflow,kcfs,Outflow,358.554
2014,30-May,BON,outflow,kcfs,Outflow,360.288
2014,31-May,BON,outflow,kcfs,Outflow,335.283
2014,1-Jun,BON,outflow,kcfs,Outflow,324.929
2014,20-Apr,JDA,outflow,kcfs,Outflow,264.275
2014,21-Apr,JDA,outflow,kcfs,Outflow,246.221
2014,22-Apr,JDA,outflow,kcfs,Outflow,252.742
2014,23-Apr,JDA,outflow,kcfs,Outflow,266.367
2014,24-Apr,JDA,outflow,kcfs,Outflow,248.596
2014,25-Apr,JDA,outflow,kcfs,Outflow,271.388
2014,26-Apr,JDA,outflow,kcfs,Outflow,268.879
2014,27-Apr,JDA,outflow,kcfs,Outflow,256.079
2014,28-Apr,JDA,outflow,kcfs,Outflow,267.996
2014,29-Apr,JDA,outflow,kcfs,Outflow,290.579
2014,30-Apr,JDA,outflow,kcfs,Outflow,261.288
2014,1-May,JDA,outflow,kcfs,Outflow,254.35
2014,2-May,JDA,outflow,kcfs,Outflow,252.85
2014,3-May,JDA,outflow,kcfs,Outflow,268.404
2014,4-May,JDA,outflow,kcfs,Outflow,279.863
2014,5-May,JDA,outflow,kcfs,Outflow,292.638
2014,6-May,JDA,outflow,kcfs,Outflow,327.738
2014,7-May,JDA,outflow,kcfs,Outflow,297.079
2014,8-May,JDA,outflow,kcfs,Outflow,290.758
2014,9-May,JDA,outflow,kcfs,Outflow,284.892
2014,10-May,JDA,outflow,kcfs,Outflow,249.875
2014,11-May,JDA,outflow,kcfs,Outflow,285.558
2014,12-May,JDA,outflow,kcfs,Outflow,292.454
2014,13-May,JDA,outflow,kcfs,Outflow,285.121
2014,14-May,JDA,outflow,kcfs,Outflow,254.2
2014,15-May,JDA,outflow,kcfs,Outflow,261.442
2014,16-May,JDA,outflow,kcfs,Outflow,281.383
2014,17-May,JDA,outflow,kcfs,Outflow,317.171
2014,18-May,JDA,outflow,kcfs,Outflow,330.75
2014,19-May,JDA,outflow,kcfs,Outflow,351.538
2014,20-May,JDA,outflow,kcfs,Outflow,348.825
2014,21-May,JDA,outflow,kcfs,Outflow,328.571
2014,22-May,JDA,outflow,kcfs,Outflow,314.658
2014,23-May,JDA,outflow,kcfs,Outflow,347.854
2014,24-May,JDA,outflow,kcfs,Outflow,354.713
2014,25-May,JDA,outflow,kcfs,Outflow,361.979
2014,26-May,JDA,outflow,kcfs,Outflow,358.863
2014,27-May,JDA,outflow,kcfs,Outflow,376.079
2014,28-May,JDA,outflow,kcfs,Outflow,365.4
2014,29-May,JDA,outflow,kcfs,Outflow,356.871
2014,30-May,JDA,outflow,kcfs,Outflow,357.542
2014,31-May,JDA,outflow,kcfs,Outflow,332.838
2014,1-Jun,JDA,outflow,kcfs,Outflow,327.642
2014,20-Apr,TDA,outflow,kcfs,Outflow,249.838
2014,21-Apr,TDA,outflow,kcfs,Outflow,232.6
2014,22-Apr,TDA,outflow,kcfs,Outflow,237.742
2014,23-Apr,TDA,outflow,kcfs,Outflow,247.413
2014,24-Apr,TDA,outflow,kcfs,Outflow,234.888
2014,25-Apr,TDA,outflow,kcfs,Outflow,254.075
2014,26-Apr,TDA,outflow,kcfs,Outflow,254.05
2014,27-Apr,TDA,outflow,kcfs,Outflow,245.104
2014,28-Apr,TDA,outflow,kcfs,Outflow,249.658
2014,29-Apr,TDA,outflow,kcfs,Outflow,276.325
2014,30-Apr,TDA,outflow,kcfs,Outflow,244.754
2014,1-May,TDA,outflow,kcfs,Outflow,238.988
2014,2-May,TDA,outflow,kcfs,Outflow,240.788
2014,3-May,TDA,outflow,kcfs,Outflow,250.183
2014,4-May,TDA,outflow,kcfs,Outflow,260.679
2014,5-May,TDA,outflow,kcfs,Outflow,275.233
2014,6-May,TDA,outflow,kcfs,Outflow,312.717
2014,7-May,TDA,outflow,kcfs,Outflow,281.254
2014,8-May,TDA,outflow,kcfs,Outflow,278.188
2014,9-May,TDA,outflow,kcfs,Outflow,265.554
2014,10-May,TDA,outflow,kcfs,Outflow,231.092
2014,11-May,TDA,outflow,kcfs,Outflow,272.504
2014,12-May,TDA,outflow,kcfs,Outflow,276.263
2014,13-May,TDA,outflow,kcfs,Outflow,265.838
2014,14-May,TDA,outflow,kcfs,Outflow,241.354
2014,15-May,TDA,outflow,kcfs,Outflow,246.925
2014,16-May,TDA,outflow,kcfs,Outflow,262.067
2014,17-May,TDA,outflow,kcfs,Outflow,298.254
2014,18-May,TDA,outflow,kcfs,Outflow,312.738
2014,19-May,TDA,outflow,kcfs,Outflow,331.696
2014,20-May,TDA,outflow,kcfs,Outflow,330.071
2014,21-May,TDA,outflow,kcfs,Outflow,311.483
2014,22-May,TDA,outflow,kcfs,Outflow,292.971
2014,23-May,TDA,outflow,kcfs,Outflow,328.263
2014,24-May,TDA,outflow,kcfs,Outflow,339.488
2014,25-May,TDA,outflow,kcfs,Outflow,344.271
2014,26-May,TDA,outflow,kcfs,Outflow,336.646
2014,27-May,TDA,outflow,kcfs,Outflow,357.679
2014,28-May,TDA,outflow,kcfs,Outflow,350.221
2014,29-May,TDA,outflow,kcfs,Outflow,340.258
2014,30-May,TDA,outflow,kcfs,Outflow,337.458
2014,31-May,TDA,outflow,kcfs,Outflow,314.208
2014,1-Jun,TDA,outflow,kcfs,Outflow,307.992
2013,20-Apr,BON,outflow,kcfs,Outflow,227.921
2013,21-Apr,BON,outflow,kcfs,Outflow,234.983
2013,22-Apr,BON,outflow,kcfs,Outflow,258.833
2013,23-Apr,BON,outflow,kcfs,Outflow,233.842
2013,24-Apr,BON,outflow,kcfs,Outflow,211.929
2013,25-Apr,BON,outflow,kcfs,Outflow,215.579
2013,26-Apr,BON,outflow,kcfs,Outflow,211.571
2013,27-Apr,BON,outflow,kcfs,Outflow,223.696
2013,28-Apr,BON,outflow,kcfs,Outflow,229.179
2013,29-Apr,BON,outflow,kcfs,Outflow,219.429
2013,30-Apr,BON,outflow,kcfs,Outflow,239.229
2013,1-May,BON,outflow,kcfs,Outflow,251.708
2013,2-May,BON,outflow,kcfs,Outflow,231.071
2013,3-May,BON,outflow,kcfs,Outflow,241.708
2013,4-May,BON,outflow,kcfs,Outflow,225.779
2013,5-May,BON,outflow,kcfs,Outflow,231.596
2013,6-May,BON,outflow,kcfs,Outflow,227.142
2013,7-May,BON,outflow,kcfs,Outflow,242.625
2013,8-May,BON,outflow,kcfs,Outflow,266.575
2013,9-May,BON,outflow,kcfs,Outflow,274.563
2013,10-May,BON,outflow,kcfs,Outflow,305.321
2013,11-May,BON,outflow,kcfs,Outflow,347.742
2013,12-May,BON,outflow,kcfs,Outflow,348.221
2013,13-May,BON,outflow,kcfs,Outflow,335.271
2013,14-May,BON,outflow,kcfs,Outflow,338.692
2013,15-May,BON,outflow,kcfs,Outflow,351.871
2013,16-May,BON,outflow,kcfs,Outflow,344.288
2013,17-May,BON,outflow,kcfs,Outflow,309.175
2013,18-May,BON,outflow,kcfs,Outflow,328.942
2013,19-May,BON,outflow,kcfs,Outflow,328.863
2013,20-May,BON,outflow,kcfs,Outflow,317.342
2013,21-May,BON,outflow,kcfs,Outflow,300.458
2013,22-May,BON,outflow,kcfs,Outflow,279.008
2013,23-May,BON,outflow,kcfs,Outflow,316.15
2013,24-May,BON,outflow,kcfs,Outflow,307.892
2013,25-May,BON,outflow,kcfs,Outflow,292.442
2013,26-May,BON,outflow,kcfs,Outflow,307.713
2013,27-May,BON,outflow,kcfs,Outflow,303.025
2013,28-May,BON,outflow,kcfs,Outflow,300.329
2013,29-May,BON,outflow,kcfs,Outflow,287.25
2013,30-May,BON,outflow,kcfs,Outflow,260.108
2013,31-May,BON,outflow,kcfs,Outflow,273.404
2013,1-Jun,BON,outflow,kcfs,Outflow,254.046
2013,20-Apr,JDA,outflow,kcfs,Outflow,225.283
2013,21-Apr,JDA,outflow,kcfs,Outflow,234.263
2013,22-Apr,JDA,outflow,kcfs,Outflow,250.963
2013,23-Apr,JDA,outflow,kcfs,Outflow,214.033
2013,24-Apr,JDA,outflow,kcfs,Outflow,216.725
2013,25-Apr,JDA,outflow,kcfs,Outflow,214.413
2013,26-Apr,JDA,outflow,kcfs,Outflow,219.571
2013,27-Apr,JDA,outflow,kcfs,Outflow,222
2013,28-Apr,JDA,outflow,kcfs,Outflow,221.558
2013,29-Apr,JDA,outflow,kcfs,Outflow,217.183
2013,30-Apr,JDA,outflow,kcfs,Outflow,229.671
2013,1-May,JDA,outflow,kcfs,Outflow,244.263
2013,2-May,JDA,outflow,kcfs,Outflow,232.192
2013,3-May,JDA,outflow,kcfs,Outflow,244.204
2013,4-May,JDA,outflow,kcfs,Outflow,230.654
2013,5-May,JDA,outflow,kcfs,Outflow,211.854
2013,6-May,JDA,outflow,kcfs,Outflow,221.742
2013,7-May,JDA,outflow,kcfs,Outflow,233.296
2013,8-May,JDA,outflow,kcfs,Outflow,269.925
2013,9-May,JDA,outflow,kcfs,Outflow,269.95
2013,10-May,JDA,outflow,kcfs,Outflow,323.829
2013,11-May,JDA,outflow,kcfs,Outflow,353.538
2013,12-May,JDA,outflow,kcfs,Outflow,345.254
2013,13-May,JDA,outflow,kcfs,Outflow,318.279
2013,14-May,JDA,outflow,kcfs,Outflow,344.321
2013,15-May,JDA,outflow,kcfs,Outflow,342.492
2013,16-May,JDA,outflow,kcfs,Outflow,340.492
2013,17-May,JDA,outflow,kcfs,Outflow,303.913
2013,18-May,JDA,outflow,kcfs,Outflow,333.875
2013,19-May,JDA,outflow,kcfs,Outflow,326.533
2013,20-May,JDA,outflow,kcfs,Outflow,312.467
2013,21-May,JDA,outflow,kcfs,Outflow,283.275
2013,22-May,JDA,outflow,kcfs,Outflow,287.267
2013,23-May,JDA,outflow,kcfs,Outflow,313.621
2013,24-May,JDA,outflow,kcfs,Outflow,292.775
2013,25-May,JDA,outflow,kcfs,Outflow,294.392
2013,26-May,JDA,outflow,kcfs,Outflow,299.442
2013,27-May,JDA,outflow,kcfs,Outflow,299.588
2013,28-May,JDA,outflow,kcfs,Outflow,297.863
2013,29-May,JDA,outflow,kcfs,Outflow,272.975
2013,30-May,JDA,outflow,kcfs,Outflow,254.854
2013,31-May,JDA,outflow,kcfs,Outflow,253.579
2013,1-Jun,JDA,outflow,kcfs,Outflow,250.167
2013,20-Apr,TDA,outflow,kcfs,Outflow,211.671
2013,21-Apr,TDA,outflow,kcfs,Outflow,217.467
2013,22-Apr,TDA,outflow,kcfs,Outflow,231.925
2013,23-Apr,TDA,outflow,kcfs,Outflow,201.446
2013,24-Apr,TDA,outflow,kcfs,Outflow,198.229
2013,25-Apr,TDA,outflow,kcfs,Outflow,195.542
2013,26-Apr,TDA,outflow,kcfs,Outflow,203.333
2013,27-Apr,TDA,outflow,kcfs,Outflow,206.583
2013,28-Apr,TDA,outflow,kcfs,Outflow,202.538
2013,29-Apr,TDA,outflow,kcfs,Outflow,203.613
2013,30-Apr,TDA,outflow,kcfs,Outflow,210.121
2013,1-May,TDA,outflow,kcfs,Outflow,227.513
2013,2-May,TDA,outflow,kcfs,Outflow,210.183
2013,3-May,TDA,outflow,kcfs,Outflow,227.904
2013,4-May,TDA,outflow,kcfs,Outflow,213.454
2013,5-May,TDA,outflow,kcfs,Outflow,195.758
2013,6-May,TDA,outflow,kcfs,Outflow,205.25
2013,7-May,TDA,outflow,kcfs,Outflow,222.692
2013,8-May,TDA,outflow,kcfs,Outflow,245.096
2013,9-May,TDA,outflow,kcfs,Outflow,255.758
2013,10-May,TDA,outflow,kcfs,Outflow,305.55
2013,11-May,TDA,outflow,kcfs,Outflow,338.283
2013,12-May,TDA,outflow,kcfs,Outflow,326.658
2013,13-May,TDA,outflow,kcfs,Outflow,301.183
2013,14-May,TDA,outflow,kcfs,Outflow,325.638
2013,15-May,TDA,outflow,kcfs,Outflow,326.425
2013,16-May,TDA,outflow,kcfs,Outflow,322.646
2013,17-May,TDA,outflow,kcfs,Outflow,285.996
2013,18-May,TDA,outflow,kcfs,Outflow,318.871
2013,19-May,TDA,outflow,kcfs,Outflow,306.017
2013,20-May,TDA,outflow,kcfs,Outflow,294.154
2013,21-May,TDA,outflow,kcfs,Outflow,270.392
2013,22-May,TDA,outflow,kcfs,Outflow,264.213
2013,23-May,TDA,outflow,kcfs,Outflow,296.867
2013,24-May,TDA,outflow,kcfs,Outflow,277.054
2013,25-May,TDA,outflow,kcfs,Outflow,273.792
2013,26-May,TDA,outflow,kcfs,Outflow,282.471
2013,27-May,TDA,outflow,kcfs,Outflow,281.288
2013,28-May,TDA,outflow,kcfs,Outflow,276.129
2013,29-May,TDA,outflow,kcfs,Outflow,257.804
2013,30-May,TDA,outflow,kcfs,Outflow,238.908
2013,31-May,TDA,outflow,kcfs,Outflow,240.583
2013,1-Jun,TDA,outflow,kcfs,Outflow,233.321
2012,20-Apr,BON,outflow,kcfs,Outflow,317.658
2012,21-Apr,BON,outflow,kcfs,Outflow,320.713
2012,22-Apr,BON,outflow,kcfs,Outflow,332.567
2012,23-Apr,BON,outflow,kcfs,Outflow,362.963
2012,24-Apr,BON,outflow,kcfs,Outflow,366.538
2012,25-Apr,BON,outflow,kcfs,Outflow,388.454
2012,26-Apr,BON,outflow,kcfs,Outflow,442.1
2012,27-Apr,BON,outflow,kcfs,Outflow,418.171
2012,28-Apr,BON,outflow,kcfs,Outflow,424.958
2012,29-Apr,BON,outflow,kcfs,Outflow,418.542
2012,30-Apr,BON,outflow,kcfs,Outflow,398.567
2012,1-May,BON,outflow,kcfs,Outflow,406.854
2012,2-May,BON,outflow,kcfs,Outflow,421.358
2012,3-May,BON,outflow,kcfs,Outflow,403.979
2012,4-May,BON,outflow,kcfs,Outflow,419.163
2012,5-May,BON,outflow,kcfs,Outflow,388.963
2012,6-May,BON,outflow,kcfs,Outflow,394.925
2012,7-May,BON,outflow,kcfs,Outflow,369.263
2012,8-May,BON,outflow,kcfs,Outflow,350.758
2012,9-May,BON,outflow,kcfs,Outflow,336.7
2012,10-May,BON,outflow,kcfs,Outflow,357.938
2012,11-May,BON,outflow,kcfs,Outflow,353.604
2012,12-May,BON,outflow,kcfs,Outflow,351.671
2012,13-May,BON,outflow,kcfs,Outflow,330.033
2012,14-May,BON,outflow,kcfs,Outflow,308.208
2012,15-May,BON,outflow,kcfs,Outflow,336.492
2012,16-May,BON,outflow,kcfs,Outflow,333.021
2012,17-May,BON,outflow,kcfs,Outflow,347.121
2012,18-May,BON,outflow,kcfs,Outflow,380.558
2012,19-May,BON,outflow,kcfs,Outflow,391.167
2012,20-May,BON,outflow,kcfs,Outflow,378.083
2012,21-May,BON,outflow,kcfs,Outflow,373.233
2012,22-May,BON,outflow,kcfs,Outflow,348.917
2012,23-May,BON,outflow,kcfs,Outflow,378.154
2012,24-May,BON,outflow,kcfs,Outflow,382.433
2012,25-May,BON,outflow,kcfs,Outflow,366.283
2012,26-May,BON,outflow,kcfs,Outflow,371.746
2012,27-May,BON,outflow,kcfs,Outflow,327.788
2012,28-May,BON,outflow,kcfs,Outflow,319.167
2012,29-May,BON,outflow,kcfs,Outflow,300.271
2012,30-May,BON,outflow,kcfs,Outflow,320.433
2012,31-May,BON,outflow,kcfs,Outflow,287.575
2012,1-Jun,BON,outflow,kcfs,Outflow,292.754
2012,20-Apr,JDA,outflow,kcfs,Outflow,321.65
2012,21-Apr,JDA,outflow,kcfs,Outflow,311.363
2012,22-Apr,JDA,outflow,kcfs,Outflow,324.125
2012,23-Apr,JDA,outflow,kcfs,Outflow,341.217
2012,24-Apr,JDA,outflow,kcfs,Outflow,345.146
2012,25-Apr,JDA,outflow,kcfs,Outflow,408.529
2012,26-Apr,JDA,outflow,kcfs,Outflow,405.029
2012,27-Apr,JDA,outflow,kcfs,Outflow,420.133
2012,28-Apr,JDA,outflow,kcfs,Outflow,420.908
2012,29-Apr,JDA,outflow,kcfs,Outflow,389.167
2012,30-Apr,JDA,outflow,kcfs,Outflow,384.742
2012,1-May,JDA,outflow,kcfs,Outflow,401.238
2012,2-May,JDA,outflow,kcfs,Outflow,410.858
2012,3-May,JDA,outflow,kcfs,Outflow,407.104
2012,4-May,JDA,outflow,kcfs,Outflow,405.142
2012,5-May,JDA,outflow,kcfs,Outflow,387.975
2012,6-May,JDA,outflow,kcfs,Outflow,378.629
2012,7-May,JDA,outflow,kcfs,Outflow,359.196
2012,8-May,JDA,outflow,kcfs,Outflow,338.263
2012,9-May,JDA,outflow,kcfs,Outflow,338.508
2012,10-May,JDA,outflow,kcfs,Outflow,344.708
2012,11-May,JDA,outflow,kcfs,Outflow,362.229
2012,12-May,JDA,outflow,kcfs,Outflow,346.725
2012,13-May,JDA,outflow,kcfs,Outflow,313.888
2012,14-May,JDA,outflow,kcfs,Outflow,302.042
2012,15-May,JDA,outflow,kcfs,Outflow,327.221
2012,16-May,JDA,outflow,kcfs,Outflow,323.913
2012,17-May,JDA,outflow,kcfs,Outflow,345.617
2012,18-May,JDA,outflow,kcfs,Outflow,385.679
2012,19-May,JDA,outflow,kcfs,Outflow,376.846
2012,20-May,JDA,outflow,kcfs,Outflow,355.025
2012,21-May,JDA,outflow,kcfs,Outflow,357.075
2012,22-May,JDA,outflow,kcfs,Outflow,359.075
2012,23-May,JDA,outflow,kcfs,Outflow,369.671
2012,24-May,JDA,outflow,kcfs,Outflow,378.667
2012,25-May,JDA,outflow,kcfs,Outflow,358.254
2012,26-May,JDA,outflow,kcfs,Outflow,341.946
2012,27-May,JDA,outflow,kcfs,Outflow,319.525
2012,28-May,JDA,outflow,kcfs,Outflow,316.917
2012,29-May,JDA,outflow,kcfs,Outflow,289.9
2012,30-May,JDA,outflow,kcfs,Outflow,310.6
2012,31-May,JDA,outflow,kcfs,Outflow,279.35
2012,1-Jun,JDA,outflow,kcfs,Outflow,277.863
2012,20-Apr,TDA,outflow,kcfs,Outflow,301.033
2012,21-Apr,TDA,outflow,kcfs,Outflow,293.508
2012,22-Apr,TDA,outflow,kcfs,Outflow,310.658
2012,23-Apr,TDA,outflow,kcfs,Outflow,323.942
2012,24-Apr,TDA,outflow,kcfs,Outflow,339.133
2012,25-Apr,TDA,outflow,kcfs,Outflow,387.421
2012,26-Apr,TDA,outflow,kcfs,Outflow,398.321
2012,27-Apr,TDA,outflow,kcfs,Outflow,393.796
2012,28-Apr,TDA,outflow,kcfs,Outflow,411.013
2012,29-Apr,TDA,outflow,kcfs,Outflow,378.621
2012,30-Apr,TDA,outflow,kcfs,Outflow,365.683
2012,1-May,TDA,outflow,kcfs,Outflow,385.433
2012,2-May,TDA,outflow,kcfs,Outflow,390.65
2012,3-May,TDA,outflow,kcfs,Outflow,392.458
2012,4-May,TDA,outflow,kcfs,Outflow,388.713
2012,5-May,TDA,outflow,kcfs,Outflow,368.829
2012,6-May,TDA,outflow,kcfs,Outflow,361.496
2012,7-May,TDA,outflow,kcfs,Outflow,342.267
2012,8-May,TDA,outflow,kcfs,Outflow,318.808
2012,9-May,TDA,outflow,kcfs,Outflow,323.392
2012,10-May,TDA,outflow,kcfs,Outflow,323.708
2012,11-May,TDA,outflow,kcfs,Outflow,347.738
2012,12-May,TDA,outflow,kcfs,Outflow,325.446
2012,13-May,TDA,outflow,kcfs,Outflow,298.154
2012,14-May,TDA,outflow,kcfs,Outflow,280.663
2012,15-May,TDA,outflow,kcfs,Outflow,313.629
2012,16-May,TDA,outflow,kcfs,Outflow,304.375
2012,17-May,TDA,outflow,kcfs,Outflow,329.004
2012,18-May,TDA,outflow,kcfs,Outflow,365.908
2012,19-May,TDA,outflow,kcfs,Outflow,364.829
2012,20-May,TDA,outflow,kcfs,Outflow,332.742
2012,21-May,TDA,outflow,kcfs,Outflow,339.596
2012,22-May,TDA,outflow,kcfs,Outflow,341.754
2012,23-May,TDA,outflow,kcfs,Outflow,352.546
2012,24-May,TDA,outflow,kcfs,Outflow,360.638
2012,25-May,TDA,outflow,kcfs,Outflow,339.625
2012,26-May,TDA,outflow,kcfs,Outflow,330.508
2012,27-May,TDA,outflow,kcfs,Outflow,304.492
2012,28-May,TDA,outflow,kcfs,Outflow,300.575
2012,29-May,TDA,outflow,kcfs,Outflow,272.279
2012,30-May,TDA,outflow,kcfs,Outflow,297.783
2012,31-May,TDA,outflow,kcfs,Outflow,262.604
2012,1-Jun,TDA,outflow,kcfs,Outflow,260.338
2011,20-Apr,BON,outflow,kcfs,Outflow,293.992
2011,21-Apr,BON,outflow,kcfs,Outflow,284.229
2011,22-Apr,BON,outflow,kcfs,Outflow,303.675
2011,23-Apr,BON,outflow,kcfs,Outflow,274.238
2011,24-Apr,BON,outflow,kcfs,Outflow,263.738
2011,25-Apr,BON,outflow,kcfs,Outflow,271.042
2011,26-Apr,BON,outflow,kcfs,Outflow,256.871
2011,27-Apr,BON,outflow,kcfs,Outflow,281.988
2011,28-Apr,BON,outflow,kcfs,Outflow,271.063
2011,29-Apr,BON,outflow,kcfs,Outflow,260.717
2011,30-Apr,BON,outflow,kcfs,Outflow,231.633
2011,1-May,BON,outflow,kcfs,Outflow,277.504
2011,2-May,BON,outflow,kcfs,Outflow,261.963
2011,3-May,BON,outflow,kcfs,Outflow,255.9
2011,4-May,BON,outflow,kcfs,Outflow,270.963
2011,5-May,BON,outflow,kcfs,Outflow,267.45
2011,6-May,BON,outflow,kcfs,Outflow,261.3
2011,7-May,BON,outflow,kcfs,Outflow,239.917
2011,8-May,BON,outflow,kcfs,Outflow,252.538
2011,9-May,BON,outflow,kcfs,Outflow,292.713
2011,10-May,BON,outflow,kcfs,Outflow,301.575
2011,11-May,BON,outflow,kcfs,Outflow,280.733
2011,12-May,BON,outflow,kcfs,Outflow,284.629
2011,13-May,BON,outflow,kcfs,Outflow,333.604
2011,14-May,BON,outflow,kcfs,Outflow,358.829
2011,15-May,BON,outflow,kcfs,Outflow,376.95
2011,16-May,BON,outflow,kcfs,Outflow,430.25
2011,17-May,BON,outflow,kcfs,Outflow,447.542
2011,18-May,BON,outflow,kcfs,Outflow,454.3
2011,19-May,BON,outflow,kcfs,Outflow,458.558
2011,20-May,BON,outflow,kcfs,Outflow,462.088
2011,21-May,BON,outflow,kcfs,Outflow,468.85
2011,22-May,BON,outflow,kcfs,Outflow,470.746
2011,23-May,BON,outflow,kcfs,Outflow,482.95
2011,24-May,BON,outflow,kcfs,Outflow,484.692
2011,25-May,BON,outflow,kcfs,Outflow,492.292
2011,26-May,BON,outflow,kcfs,Outflow,482.746
2011,27-May,BON,outflow,kcfs,Outflow,498.079
2011,28-May,BON,outflow,kcfs,Outflow,496.229
2011,29-May,BON,outflow,kcfs,Outflow,501.513
2011,30-May,BON,outflow,kcfs,Outflow,506.529
2011,31-May,BON,outflow,kcfs,Outflow,503.958
2011,1-Jun,BON,outflow,kcfs,Outflow,501.533
2011,20-Apr,JDA,outflow,kcfs,Outflow,281.525
2011,21-Apr,JDA,outflow,kcfs,Outflow,282.863
2011,22-Apr,JDA,outflow,kcfs,Outflow,293.471
2011,23-Apr,JDA,outflow,kcfs,Outflow,262.529
2011,24-Apr,JDA,outflow,kcfs,Outflow,256.213
2011,25-Apr,JDA,outflow,kcfs,Outflow,264.596
2011,26-Apr,JDA,outflow,kcfs,Outflow,247.013
2011,27-Apr,JDA,outflow,kcfs,Outflow,270.092
2011,28-Apr,JDA,outflow,kcfs,Outflow,269.771
2011,29-Apr,JDA,outflow,kcfs,Outflow,240.529
2011,30-Apr,JDA,outflow,kcfs,Outflow,229.3
2011,1-May,JDA,outflow,kcfs,Outflow,266.879
2011,2-May,JDA,outflow,kcfs,Outflow,250.804
2011,3-May,JDA,outflow,kcfs,Outflow,259.442
2011,4-May,JDA,outflow,kcfs,Outflow,261.358
2011,5-May,JDA,outflow,kcfs,Outflow,242.408
2011,6-May,JDA,outflow,kcfs,Outflow,260.442
2011,7-May,JDA,outflow,kcfs,Outflow,245.142
2011,8-May,JDA,outflow,kcfs,Outflow,250.117
2011,9-May,JDA,outflow,kcfs,Outflow,281.792
2011,10-May,JDA,outflow,kcfs,Outflow,298.958
2011,11-May,JDA,outflow,kcfs,Outflow,256.325
2011,12-May,JDA,outflow,kcfs,Outflow,293.067
2011,13-May,JDA,outflow,kcfs,Outflow,346.967
2011,14-May,JDA,outflow,kcfs,Outflow,351.829
2011,15-May,JDA,outflow,kcfs,Outflow,383.633
2011,16-May,JDA,outflow,kcfs,Outflow,438.6
2011,17-May,JDA,outflow,kcfs,Outflow,454.879
2011,18-May,JDA,outflow,kcfs,Outflow,457.9
2011,19-May,JDA,outflow,kcfs,Outflow,463.921
2011,20-May,JDA,outflow,kcfs,Outflow,467.288
2011,21-May,JDA,outflow,kcfs,Outflow,474.258
2011,22-May,JDA,outflow,kcfs,Outflow,476.658
2011,23-May,JDA,outflow,kcfs,Outflow,493.579
2011,24-May,JDA,outflow,kcfs,Outflow,495.329
2011,25-May,JDA,outflow,kcfs,Outflow,490.825
2011,26-May,JDA,outflow,kcfs,Outflow,482.979
2011,27-May,JDA,outflow,kcfs,Outflow,501.725
2011,28-May,JDA,outflow,kcfs,Outflow,507.646
2011,29-May,JDA,outflow,kcfs,Outflow,518.288
2011,30-May,JDA,outflow,kcfs,Outflow,509.088
2011,31-May,JDA,outflow,kcfs,Outflow,511.971
2011,1-Jun,JDA,outflow,kcfs,Outflow,495.7
2011,20-Apr,TDA,outflow,kcfs,Outflow,270.842
2011,21-Apr,TDA,outflow,kcfs,Outflow,270.196
2011,22-Apr,TDA,outflow,kcfs,Outflow,282.113
2011,23-Apr,TDA,outflow,kcfs,Outflow,255.638
2011,24-Apr,TDA,outflow,kcfs,Outflow,243.842
2011,25-Apr,TDA,outflow,kcfs,Outflow,253.75
2011,26-Apr,TDA,outflow,kcfs,Outflow,234.946
2011,27-Apr,TDA,outflow,kcfs,Outflow,261.821
2011,28-Apr,TDA,outflow,kcfs,Outflow,257.2
2011,29-Apr,TDA,outflow,kcfs,Outflow,226.313
2011,30-Apr,TDA,outflow,kcfs,Outflow,219.354
2011,1-May,TDA,outflow,kcfs,Outflow,257.1
2011,2-May,TDA,outflow,kcfs,Outflow,241.929
2011,3-May,TDA,outflow,kcfs,Outflow,246.788
2011,4-May,TDA,outflow,kcfs,Outflow,250.242
2011,5-May,TDA,outflow,kcfs,Outflow,230.079
2011,6-May,TDA,outflow,kcfs,Outflow,254.663
2011,7-May,TDA,outflow,kcfs,Outflow,231.221
2011,8-May,TDA,outflow,kcfs,Outflow,238.592
2011,9-May,TDA,outflow,kcfs,Outflow,267.908
2011,10-May,TDA,outflow,kcfs,Outflow,289.354
2011,11-May,TDA,outflow,kcfs,Outflow,248.454
2011,12-May,TDA,outflow,kcfs,Outflow,270.342
2011,13-May,TDA,outflow,kcfs,Outflow,335.2
2011,14-May,TDA,outflow,kcfs,Outflow,338.033
2011,15-May,TDA,outflow,kcfs,Outflow,366.688
2011,16-May,TDA,outflow,kcfs,Outflow,423.45
2011,17-May,TDA,outflow,kcfs,Outflow,442.258
2011,18-May,TDA,outflow,kcfs,Outflow,444.958
2011,19-May,TDA,outflow,kcfs,Outflow,449.963
2011,20-May,TDA,outflow,kcfs,Outflow,451.192
2011,21-May,TDA,outflow,kcfs,Outflow,461.154
2011,22-May,TDA,outflow,kcfs,Outflow,457.133
2011,23-May,TDA,outflow,kcfs,Outflow,471.717
2011,24-May,TDA,outflow,kcfs,Outflow,477.838
2011,25-May,TDA,outflow,kcfs,Outflow,476.638
2011,26-May,TDA,outflow,kcfs,Outflow,462.092
2011,27-May,TDA,outflow,kcfs,Outflow,486.463
2011,28-May,TDA,outflow,kcfs,Outflow,491.879
2011,29-May,TDA,outflow,kcfs,Outflow,497.338
2011,30-May,TDA,outflow,kcfs,Outflow,494.458
2011,31-May,TDA,outflow,kcfs,Outflow,491.725
2011,1-Jun,TDA,outflow,kcfs,Outflow,486.488
2010,20-Apr,BON,outflow,kcfs,Outflow,141.008
2010,21-Apr,BON,outflow,kcfs,Outflow,161.896
2010,22-Apr,BON,outflow,kcfs,Outflow,167.658
2010,23-Apr,BON,outflow,kcfs,Outflow,205.417
2010,24-Apr,BON,outflow,kcfs,Outflow,187.154
2010,25-Apr,BON,outflow,kcfs,Outflow,195.558
2010,26-Apr,BON,outflow,kcfs,Outflow,178.35
2010,27-Apr,BON,outflow,kcfs,Outflow,187.158
2010,28-Apr,BON,outflow,kcfs,Outflow,170.521
2010,29-Apr,BON,outflow,kcfs,Outflow,173.338
2010,30-Apr,BON,outflow,kcfs,Outflow,174.45
2010,1-May,BON,outflow,kcfs,Outflow,172.367
2010,2-May,BON,outflow,kcfs,Outflow,181.004
2010,3-May,BON,outflow,kcfs,Outflow,184.958
2010,4-May,BON,outflow,kcfs,Outflow,199.05
2010,5-May,BON,outflow,kcfs,Outflow,191.879
2010,6-May,BON,outflow,kcfs,Outflow,170.304
2010,7-May,BON,outflow,kcfs,Outflow,198.033
2010,8-May,BON,outflow,kcfs,Outflow,170.592
2010,9-May,BON,outflow,kcfs,Outflow,182.517
2010,10-May,BON,outflow,kcfs,Outflow,183.9
2010,11-May,BON,outflow,kcfs,Outflow,159.808
2010,12-May,BON,outflow,kcfs,Outflow,195.508
2010,13-May,BON,outflow,kcfs,Outflow,209.063
2010,14-May,BON,outflow,kcfs,Outflow,199.521
2010,15-May,BON,outflow,kcfs,Outflow,173.217
2010,16-May,BON,outflow,kcfs,Outflow,184.871
2010,17-May,BON,outflow,kcfs,Outflow,210.871
2010,18-May,BON,outflow,kcfs,Outflow,214.704
2010,19-May,BON,outflow,kcfs,Outflow,245.563
2010,20-May,BON,outflow,kcfs,Outflow,219.792
2010,21-May,BON,outflow,kcfs,Outflow,270.775
2010,22-May,BON,outflow,kcfs,Outflow,244.667
2010,23-May,BON,outflow,kcfs,Outflow,219.246
2010,24-May,BON,outflow,kcfs,Outflow,239.5
2010,25-May,BON,outflow,kcfs,Outflow,235.438
2010,26-May,BON,outflow,kcfs,Outflow,202.092
2010,27-May,BON,outflow,kcfs,Outflow,217.308
2010,28-May,BON,outflow,kcfs,Outflow,188.954
2010,29-May,BON,outflow,kcfs,Outflow,171.896
2010,30-May,BON,outflow,kcfs,Outflow,218.583
2010,31-May,BON,outflow,kcfs,Outflow,212.467
2010,1-Jun,BON,outflow,kcfs,Outflow,213.288
2010,20-Apr,JDA,outflow,kcfs,Outflow,133.163
2010,21-Apr,JDA,outflow,kcfs,Outflow,149.221
2010,22-Apr,JDA,outflow,kcfs,Outflow,171.254
2010,23-Apr,JDA,outflow,kcfs,Outflow,203.938
2010,24-Apr,JDA,outflow,kcfs,Outflow,171.938
2010,25-Apr,JDA,outflow,kcfs,Outflow,188.9
2010,26-Apr,JDA,outflow,kcfs,Outflow,176.542
2010,27-Apr,JDA,outflow,kcfs,Outflow,175.558
2010,28-Apr,JDA,outflow,kcfs,Outflow,161.975
2010,29-Apr,JDA,outflow,kcfs,Outflow,167.125
2010,30-Apr,JDA,outflow,kcfs,Outflow,161.833
2010,1-May,JDA,outflow,kcfs,Outflow,180.221
2010,2-May,JDA,outflow,kcfs,Outflow,173.875
2010,3-May,JDA,outflow,kcfs,Outflow,177.192
2010,4-May,JDA,outflow,kcfs,Outflow,186.521
2010,5-May,JDA,outflow,kcfs,Outflow,187.971
2010,6-May,JDA,outflow,kcfs,Outflow,162.242
2010,7-May,JDA,outflow,kcfs,Outflow,194.308
2010,8-May,JDA,outflow,kcfs,Outflow,163.604
2010,9-May,JDA,outflow,kcfs,Outflow,175.604
2010,10-May,JDA,outflow,kcfs,Outflow,181.033
2010,11-May,JDA,outflow,kcfs,Outflow,153.867
2010,12-May,JDA,outflow,kcfs,Outflow,198.842
2010,13-May,JDA,outflow,kcfs,Outflow,206.013
2010,14-May,JDA,outflow,kcfs,Outflow,189.129
2010,15-May,JDA,outflow,kcfs,Outflow,173.496
2010,16-May,JDA,outflow,kcfs,Outflow,181.992
2010,17-May,JDA,outflow,kcfs,Outflow,204.046
2010,18-May,JDA,outflow,kcfs,Outflow,197.758
2010,19-May,JDA,outflow,kcfs,Outflow,246.15
2010,20-May,JDA,outflow,kcfs,Outflow,221.308
2010,21-May,JDA,outflow,kcfs,Outflow,276.092
2010,22-May,JDA,outflow,kcfs,Outflow,242.846
2010,23-May,JDA,outflow,kcfs,Outflow,215.833
2010,24-May,JDA,outflow,kcfs,Outflow,248.75
2010,25-May,JDA,outflow,kcfs,Outflow,225.613
2010,26-May,JDA,outflow,kcfs,Outflow,209.421
2010,27-May,JDA,outflow,kcfs,Outflow,218.679
2010,28-May,JDA,outflow,kcfs,Outflow,181.075
2010,29-May,JDA,outflow,kcfs,Outflow,166.496
2010,30-May,JDA,outflow,kcfs,Outflow,226.513
2010,31-May,JDA,outflow,kcfs,Outflow,197.188
2010,1-Jun,JDA,outflow,kcfs,Outflow,207.321
2010,20-Apr,TDA,outflow,kcfs,Outflow,128.821
2010,21-Apr,TDA,outflow,kcfs,Outflow,141.721
2010,22-Apr,TDA,outflow,kcfs,Outflow,162.383
2010,23-Apr,TDA,outflow,kcfs,Outflow,194.654
2010,24-Apr,TDA,outflow,kcfs,Outflow,163.417
2010,25-Apr,TDA,outflow,kcfs,Outflow,181.042
2010,26-Apr,TDA,outflow,kcfs,Outflow,168.313
2010,27-Apr,TDA,outflow,kcfs,Outflow,168.404
2010,28-Apr,TDA,outflow,kcfs,Outflow,151.729
2010,29-Apr,TDA,outflow,kcfs,Outflow,155.154
2010,30-Apr,TDA,outflow,kcfs,Outflow,152.917
2010,1-May,TDA,outflow,kcfs,Outflow,169.496
2010,2-May,TDA,outflow,kcfs,Outflow,164.246
2010,3-May,TDA,outflow,kcfs,Outflow,168.438
2010,4-May,TDA,outflow,kcfs,Outflow,176.338
2010,5-May,TDA,outflow,kcfs,Outflow,178.333
2010,6-May,TDA,outflow,kcfs,Outflow,149.883
2010,7-May,TDA,outflow,kcfs,Outflow,182.838
2010,8-May,TDA,outflow,kcfs,Outflow,154.958
2010,9-May,TDA,outflow,kcfs,Outflow,163.596
2010,10-May,TDA,outflow,kcfs,Outflow,169.2
2010,11-May,TDA,outflow,kcfs,Outflow,142.967
2010,12-May,TDA,outflow,kcfs,Outflow,186.638
2010,13-May,TDA,outflow,kcfs,Outflow,196.15
2010,14-May,TDA,outflow,kcfs,Outflow,177.725
2010,15-May,TDA,outflow,kcfs,Outflow,160.525
2010,16-May,TDA,outflow,kcfs,Outflow,170.554
2010,17-May,TDA,outflow,kcfs,Outflow,196.717
2010,18-May,TDA,outflow,kcfs,Outflow,185.783
2010,19-May,TDA,outflow,kcfs,Outflow,229.263
2010,20-May,TDA,outflow,kcfs,Outflow,209.142
2010,21-May,TDA,outflow,kcfs,Outflow,263.133
2010,22-May,TDA,outflow,kcfs,Outflow,226.567
2010,23-May,TDA,outflow,kcfs,Outflow,207.488
2010,24-May,TDA,outflow,kcfs,Outflow,235.7
2010,25-May,TDA,outflow,kcfs,Outflow,212.633
2010,26-May,TDA,outflow,kcfs,Outflow,195.925
2010,27-May,TDA,outflow,kcfs,Outflow,205.275
2010,28-May,TDA,outflow,kcfs,Outflow,168.075
2010,29-May,TDA,outflow,kcfs,Outflow,153.388
2010,30-May,TDA,outflow,kcfs,Outflow,214.242
2010,31-May,TDA,outflow,kcfs,Outflow,185.029
2010,1-Jun,TDA,outflow,kcfs,Outflow,197.967
2009,20-Apr,BON,outflow,kcfs,Outflow,245.121
2009,21-Apr,BON,outflow,kcfs,Outflow,251.679
2009,22-Apr,BON,outflow,kcfs,Outflow,269.138
2009,23-Apr,BON,outflow,kcfs,Outflow,282.621
2009,24-Apr,BON,outflow,kcfs,Outflow,324.054
2009,25-Apr,BON,outflow,kcfs,Outflow,316.558
2009,26-Apr,BON,outflow,kcfs,Outflow,298.142
2009,27-Apr,BON,outflow,kcfs,Outflow,293.117
2009,28-Apr,BON,outflow,kcfs,Outflow,275.163
2009,29-Apr,BON,outflow,kcfs,Outflow,281.225
2009,30-Apr,BON,outflow,kcfs,Outflow,255.7
2009,1-May,BON,outflow,kcfs,Outflow,233.892
2009,2-May,BON,outflow,kcfs,Outflow,226.808
2009,3-May,BON,outflow,kcfs,Outflow,205.208
2009,4-May,BON,outflow,kcfs,Outflow,201.679
2009,5-May,BON,outflow,kcfs,Outflow,215.942
2009,6-May,BON,outflow,kcfs,Outflow,245.492
2009,7-May,BON,outflow,kcfs,Outflow,283.692
2009,8-May,BON,outflow,kcfs,Outflow,251.888
2009,9-May,BON,outflow,kcfs,Outflow,244.325
2009,10-May,BON,outflow,kcfs,Outflow,224.479
2009,11-May,BON,outflow,kcfs,Outflow,234.804
2009,12-May,BON,outflow,kcfs,Outflow,251.996
2009,13-May,BON,outflow,kcfs,Outflow,273.613
2009,14-May,BON,outflow,kcfs,Outflow,247.442
2009,15-May,BON,outflow,kcfs,Outflow,252.5
2009,16-May,BON,outflow,kcfs,Outflow,253.371
2009,17-May,BON,outflow,kcfs,Outflow,258.667
2009,18-May,BON,outflow,kcfs,Outflow,255.871
2009,19-May,BON,outflow,kcfs,Outflow,282.871
2009,20-May,BON,outflow,kcfs,Outflow,307.921
2009,21-May,BON,outflow,kcfs,Outflow,320.217
2009,22-May,BON,outflow,kcfs,Outflow,329.321
2009,23-May,BON,outflow,kcfs,Outflow,302.004
2009,24-May,BON,outflow,kcfs,Outflow,291.425
2009,25-May,BON,outflow,kcfs,Outflow,332.004
2009,26-May,BON,outflow,kcfs,Outflow,344.183
2009,27-May,BON,outflow,kcfs,Outflow,341.35
2009,28-May,BON,outflow,kcfs,Outflow,340.4
2009,29-May,BON,outflow,kcfs,Outflow,343.542
2009,30-May,BON,outflow,kcfs,Outflow,342.588
2009,31-May,BON,outflow,kcfs,Outflow,345.163
2009,1-Jun,BON,outflow,kcfs,Outflow,346.079
2009,20-Apr,JDA,outflow,kcfs,Outflow,239.746
2009,21-Apr,JDA,outflow,kcfs,Outflow,243.85
2009,22-Apr,JDA,outflow,kcfs,Outflow,248.254
2009,23-Apr,JDA,outflow,kcfs,Outflow,299.508
2009,24-Apr,JDA,outflow,kcfs,Outflow,329.313
2009,25-Apr,JDA,outflow,kcfs,Outflow,289.317
2009,26-Apr,JDA,outflow,kcfs,Outflow,300.088
2009,27-Apr,JDA,outflow,kcfs,Outflow,276.367
2009,28-Apr,JDA,outflow,kcfs,Outflow,270.767
2009,29-Apr,JDA,outflow,kcfs,Outflow,248.975
2009,30-Apr,JDA,outflow,kcfs,Outflow,259.288
2009,1-May,JDA,outflow,kcfs,Outflow,226.754
2009,2-May,JDA,outflow,kcfs,Outflow,211.438
2009,3-May,JDA,outflow,kcfs,Outflow,183.754
2009,4-May,JDA,outflow,kcfs,Outflow,195.4
2009,5-May,JDA,outflow,kcfs,Outflow,196.004
2009,6-May,JDA,outflow,kcfs,Outflow,247.825
2009,7-May,JDA,outflow,kcfs,Outflow,241.779
2009,8-May,JDA,outflow,kcfs,Outflow,221.642
2009,9-May,JDA,outflow,kcfs,Outflow,242.608
2009,10-May,JDA,outflow,kcfs,Outflow,210.188
2009,11-May,JDA,outflow,kcfs,Outflow,231.975
2009,12-May,JDA,outflow,kcfs,Outflow,244.908
2009,13-May,JDA,outflow,kcfs,Outflow,264.033
2009,14-May,JDA,outflow,kcfs,Outflow,222.721
2009,15-May,JDA,outflow,kcfs,Outflow,234.733
2009,16-May,JDA,outflow,kcfs,Outflow,245.408
2009,17-May,JDA,outflow,kcfs,Outflow,238.267
2009,18-May,JDA,outflow,kcfs,Outflow,259.804
2009,19-May,JDA,outflow,kcfs,Outflow,268.2
2009,20-May,JDA,outflow,kcfs,Outflow,304.575
2009,21-May,JDA,outflow,kcfs,Outflow,307.538
2009,22-May,JDA,outflow,kcfs,Outflow,314.425
2009,23-May,JDA,outflow,kcfs,Outflow,282.846
2009,24-May,JDA,outflow,kcfs,Outflow,301.404
2009,25-May,JDA,outflow,kcfs,Outflow,322.317
2009,26-May,JDA,outflow,kcfs,Outflow,338.779
2009,27-May,JDA,outflow,kcfs,Outflow,338.525
2009,28-May,JDA,outflow,kcfs,Outflow,332.192
2009,29-May,JDA,outflow,kcfs,Outflow,345.067
2009,30-May,JDA,outflow,kcfs,Outflow,343.196
2009,31-May,JDA,outflow,kcfs,Outflow,345.767
2009,1-Jun,JDA,outflow,kcfs,Outflow,345.958
2009,20-Apr,TDA,outflow,kcfs,Outflow,235.879
2009,21-Apr,TDA,outflow,kcfs,Outflow,230.979
2009,22-Apr,TDA,outflow,kcfs,Outflow,240.067
2009,23-Apr,TDA,outflow,kcfs,Outflow,288.921
2009,24-Apr,TDA,outflow,kcfs,Outflow,317.683
2009,25-Apr,TDA,outflow,kcfs,Outflow,280.421
2009,26-Apr,TDA,outflow,kcfs,Outflow,293.138
2009,27-Apr,TDA,outflow,kcfs,Outflow,270.154
2009,28-Apr,TDA,outflow,kcfs,Outflow,264.342
2009,29-Apr,TDA,outflow,kcfs,Outflow,240.333
2009,30-Apr,TDA,outflow,kcfs,Outflow,252.179
2009,1-May,TDA,outflow,kcfs,Outflow,216.904
2009,2-May,TDA,outflow,kcfs,Outflow,204.008
2009,3-May,TDA,outflow,kcfs,Outflow,178.325
2009,4-May,TDA,outflow,kcfs,Outflow,186.558
2009,5-May,TDA,outflow,kcfs,Outflow,192.042
2009,6-May,TDA,outflow,kcfs,Outflow,236.392
2009,7-May,TDA,outflow,kcfs,Outflow,240.746
2009,8-May,TDA,outflow,kcfs,Outflow,217.867
2009,9-May,TDA,outflow,kcfs,Outflow,237.546
2009,10-May,TDA,outflow,kcfs,Outflow,203.221
2009,11-May,TDA,outflow,kcfs,Outflow,224.563
2009,12-May,TDA,outflow,kcfs,Outflow,234.238
2009,13-May,TDA,outflow,kcfs,Outflow,260.483
2009,14-May,TDA,outflow,kcfs,Outflow,217.029
2009,15-May,TDA,outflow,kcfs,Outflow,227.904
2009,16-May,TDA,outflow,kcfs,Outflow,237.558
2009,17-May,TDA,outflow,kcfs,Outflow,230.321
2009,18-May,TDA,outflow,kcfs,Outflow,253.121
2009,19-May,TDA,outflow,kcfs,Outflow,262.846
2009,20-May,TDA,outflow,kcfs,Outflow,289.15
2009,21-May,TDA,outflow,kcfs,Outflow,302.292
2009,22-May,TDA,outflow,kcfs,Outflow,307.279
2009,23-May,TDA,outflow,kcfs,Outflow,271.788
2009,24-May,TDA,outflow,kcfs,Outflow,293.463
2009,25-May,TDA,outflow,kcfs,Outflow,322.35
2009,26-May,TDA,outflow,kcfs,Outflow,327.683
2009,27-May,TDA,outflow,kcfs,Outflow,325.008
2009,28-May,TDA,outflow,kcfs,Outflow,321.283
2009,29-May,TDA,outflow,kcfs,Outflow,334.683
2009,30-May,TDA,outflow,kcfs,Outflow,334.004
2009,31-May,TDA,outflow,kcfs,Outflow,331.408
2009,1-Jun,TDA,outflow,kcfs,Outflow,330.363
2008,20-Apr,BON,outflow,kcfs,Outflow,160.721
2008,21-Apr,BON,outflow,kcfs,Outflow,192.025
2008,22-Apr,BON,outflow,kcfs,Outflow,208.058
2008,23-Apr,BON,outflow,kcfs,Outflow,183.067
2008,24-Apr,BON,outflow,kcfs,Outflow,200.904
2008,25-Apr,BON,outflow,kcfs,Outflow,205.425
2008,26-Apr,BON,outflow,kcfs,Outflow,213.454
2008,27-Apr,BON,outflow,kcfs,Outflow,185
2008,28-Apr,BON,outflow,kcfs,Outflow,198.063
2008,29-Apr,BON,outflow,kcfs,Outflow,186.496
2008,30-Apr,BON,outflow,kcfs,Outflow,183.573
2008,1-May,BON,outflow,kcfs,Outflow,223.429
2008,2-May,BON,outflow,kcfs,Outflow,218.021
2008,3-May,BON,outflow,kcfs,Outflow,183.288
2008,4-May,BON,outflow,kcfs,Outflow,159.525
2008,5-May,BON,outflow,kcfs,Outflow,200.963
2008,6-May,BON,outflow,kcfs,Outflow,209.808
2008,7-May,BON,outflow,kcfs,Outflow,236.846
2008,8-May,BON,outflow,kcfs,Outflow,237.808
2008,9-May,BON,outflow,kcfs,Outflow,298.013
2008,10-May,BON,outflow,kcfs,Outflow,300.467
2008,11-May,BON,outflow,kcfs,Outflow,239.488
2008,12-May,BON,outflow,kcfs,Outflow,273.175
2008,13-May,BON,outflow,kcfs,Outflow,297.792
2008,14-May,BON,outflow,kcfs,Outflow,252.546
2008,15-May,BON,outflow,kcfs,Outflow,272.3
2008,16-May,BON,outflow,kcfs,Outflow,298.371
2008,17-May,BON,outflow,kcfs,Outflow,276.238
2008,18-May,BON,outflow,kcfs,Outflow,345.963
2008,19-May,BON,outflow,kcfs,Outflow,402.408
2008,20-May,BON,outflow,kcfs,Outflow,402.7
2008,21-May,BON,outflow,kcfs,Outflow,414.696
2008,22-May,BON,outflow,kcfs,Outflow,418.604
2008,23-May,BON,outflow,kcfs,Outflow,415.158
2008,24-May,BON,outflow,kcfs,Outflow,399.225
2008,25-May,BON,outflow,kcfs,Outflow,397.475
2008,26-May,BON,outflow,kcfs,Outflow,387.404
2008,27-May,BON,outflow,kcfs,Outflow,373.546
2008,28-May,BON,outflow,kcfs,Outflow,401.079
2008,29-May,BON,outflow,kcfs,Outflow,415.971
2008,30-May,BON,outflow,kcfs,Outflow,410.783
2008,31-May,BON,outflow,kcfs,Outflow,414.596
2008,1-Jun,BON,outflow,kcfs,Outflow,417.521
2008,20-Apr,JDA,outflow,kcfs,Outflow,153.008
2008,21-Apr,JDA,outflow,kcfs,Outflow,176.813
2008,22-Apr,JDA,outflow,kcfs,Outflow,171.604
2008,23-Apr,JDA,outflow,kcfs,Outflow,168.804
2008,24-Apr,JDA,outflow,kcfs,Outflow,194.954
2008,25-Apr,JDA,outflow,kcfs,Outflow,227.933
2008,26-Apr,JDA,outflow,kcfs,Outflow,205.963
2008,27-Apr,JDA,outflow,kcfs,Outflow,157.542
2008,28-Apr,JDA,outflow,kcfs,Outflow,186.513
2008,29-Apr,JDA,outflow,kcfs,Outflow,167.667
2008,30-Apr,JDA,outflow,kcfs,Outflow,190.158
2008,1-May,JDA,outflow,kcfs,Outflow,206.8
2008,2-May,JDA,outflow,kcfs,Outflow,213.725
2008,3-May,JDA,outflow,kcfs,Outflow,180.396
2008,4-May,JDA,outflow,kcfs,Outflow,147.446
2008,5-May,JDA,outflow,kcfs,Outflow,190.067
2008,6-May,JDA,outflow,kcfs,Outflow,191.946
2008,7-May,JDA,outflow,kcfs,Outflow,240.271
2008,8-May,JDA,outflow,kcfs,Outflow,230.725
2008,9-May,JDA,outflow,kcfs,Outflow,290.913
2008,10-May,JDA,outflow,kcfs,Outflow,268.179
2008,11-May,JDA,outflow,kcfs,Outflow,209.375
2008,12-May,JDA,outflow,kcfs,Outflow,292.679
2008,13-May,JDA,outflow,kcfs,Outflow,263.854
2008,14-May,JDA,outflow,kcfs,Outflow,236.408
2008,15-May,JDA,outflow,kcfs,Outflow,260.95
2008,16-May,JDA,outflow,kcfs,Outflow,270.313
2008,17-May,JDA,outflow,kcfs,Outflow,263.829
2008,18-May,JDA,outflow,kcfs,Outflow,349.292
2008,19-May,JDA,outflow,kcfs,Outflow,387.496
2008,20-May,JDA,outflow,kcfs,Outflow,385.867
2008,21-May,JDA,outflow,kcfs,Outflow,414.929
2008,22-May,JDA,outflow,kcfs,Outflow,409.4
2008,23-May,JDA,outflow,kcfs,Outflow,396.046
2008,24-May,JDA,outflow,kcfs,Outflow,388.542
2008,25-May,JDA,outflow,kcfs,Outflow,393.171
2008,26-May,JDA,outflow,kcfs,Outflow,363.413
2008,27-May,JDA,outflow,kcfs,Outflow,365.042
2008,28-May,JDA,outflow,kcfs,Outflow,394.946
2008,29-May,JDA,outflow,kcfs,Outflow,399.104
2008,30-May,JDA,outflow,kcfs,Outflow,413.871
2008,31-May,JDA,outflow,kcfs,Outflow,412.883
2008,1-Jun,JDA,outflow,kcfs,Outflow,394.233
2008,20-Apr,TDA,outflow,kcfs,Outflow,147.942
2008,21-Apr,TDA,outflow,kcfs,Outflow,175.746
2008,22-Apr,TDA,outflow,kcfs,Outflow,168.679
2008,23-Apr,TDA,outflow,kcfs,Outflow,165.742
2008,24-Apr,TDA,outflow,kcfs,Outflow,182.442
2008,25-Apr,TDA,outflow,kcfs,Outflow,216.563
2008,26-Apr,TDA,outflow,kcfs,Outflow,197.004
2008,27-Apr,TDA,outflow,kcfs,Outflow,154.842
2008,28-Apr,TDA,outflow,kcfs,Outflow,178.438
2008,29-Apr,TDA,outflow,kcfs,Outflow,165.467
2008,30-Apr,TDA,outflow,kcfs,Outflow,179.779
2008,1-May,TDA,outflow,kcfs,Outflow,198.875
2008,2-May,TDA,outflow,kcfs,Outflow,206.996
2008,3-May,TDA,outflow,kcfs,Outflow,169.358
2008,4-May,TDA,outflow,kcfs,Outflow,140.021
2008,5-May,TDA,outflow,kcfs,Outflow,188.833
2008,6-May,TDA,outflow,kcfs,Outflow,186.733
2008,7-May,TDA,outflow,kcfs,Outflow,230.346
2008,8-May,TDA,outflow,kcfs,Outflow,222.6
2008,9-May,TDA,outflow,kcfs,Outflow,284.175
2008,10-May,TDA,outflow,kcfs,Outflow,262.546
2008,11-May,TDA,outflow,kcfs,Outflow,203.125
2008,12-May,TDA,outflow,kcfs,Outflow,282.721
2008,13-May,TDA,outflow,kcfs,Outflow,263.367
2008,14-May,TDA,outflow,kcfs,Outflow,226.796
2008,15-May,TDA,outflow,kcfs,Outflow,249.696
2008,16-May,TDA,outflow,kcfs,Outflow,261.296
2008,17-May,TDA,outflow,kcfs,Outflow,260.733
2008,18-May,TDA,outflow,kcfs,Outflow,342.371
2008,19-May,TDA,outflow,kcfs,Outflow,377.154
2008,20-May,TDA,outflow,kcfs,Outflow,382.533
2008,21-May,TDA,outflow,kcfs,Outflow,396.163
2008,22-May,TDA,outflow,kcfs,Outflow,398.121
2008,23-May,TDA,outflow,kcfs,Outflow,388.1
2008,24-May,TDA,outflow,kcfs,Outflow,384.879
2008,25-May,TDA,outflow,kcfs,Outflow,382.692
2008,26-May,TDA,outflow,kcfs,Outflow,355.179
2008,27-May,TDA,outflow,kcfs,Outflow,351.383
2008,28-May,TDA,outflow,kcfs,Outflow,386.642
2008,29-May,TDA,outflow,kcfs,Outflow,389.029
2008,30-May,TDA,outflow,kcfs,Outflow,396.721
2008,31-May,TDA,outflow,kcfs,Outflow,402.129
2008,1-Jun,TDA,outflow,kcfs,Outflow,389.283
2007,20-Apr,BON,outflow,kcfs,Outflow,226.863
2007,21-Apr,BON,outflow,kcfs,Outflow,232.442
2007,22-Apr,BON,outflow,kcfs,Outflow,231.683
2007,23-Apr,BON,outflow,kcfs,Outflow,242.808
2007,24-Apr,BON,outflow,kcfs,Outflow,209.308
2007,25-Apr,BON,outflow,kcfs,Outflow,220.925
2007,26-Apr,BON,outflow,kcfs,Outflow,235.596
2007,27-Apr,BON,outflow,kcfs,Outflow,223.238
2007,28-Apr,BON,outflow,kcfs,Outflow,236.021
2007,29-Apr,BON,outflow,kcfs,Outflow,240.833
2007,30-Apr,BON,outflow,kcfs,Outflow,244.445
2007,1-May,BON,outflow,kcfs,Outflow,268.646
2007,2-May,BON,outflow,kcfs,Outflow,267.267
2007,3-May,BON,outflow,kcfs,Outflow,271.808
2007,4-May,BON,outflow,kcfs,Outflow,284.842
2007,5-May,BON,outflow,kcfs,Outflow,294.35
2007,6-May,BON,outflow,kcfs,Outflow,278.488
2007,7-May,BON,outflow,kcfs,Outflow,265.425
2007,8-May,BON,outflow,kcfs,Outflow,261.492
2007,9-May,BON,outflow,kcfs,Outflow,281.008
2007,10-May,BON,outflow,kcfs,Outflow,284.158
2007,11-May,BON,outflow,kcfs,Outflow,285.192
2007,12-May,BON,outflow,kcfs,Outflow,283.825
2007,13-May,BON,outflow,kcfs,Outflow,257.475
2007,14-May,BON,outflow,kcfs,Outflow,300.971
2007,15-May,BON,outflow,kcfs,Outflow,291.954
2007,16-May,BON,outflow,kcfs,Outflow,274.275
2007,17-May,BON,outflow,kcfs,Outflow,268.167
2007,18-May,BON,outflow,kcfs,Outflow,269.392
2007,19-May,BON,outflow,kcfs,Outflow,278.2
2007,20-May,BON,outflow,kcfs,Outflow,266.063
2007,21-May,BON,outflow,kcfs,Outflow,256.504
2007,22-May,BON,outflow,kcfs,Outflow,270.692
2007,23-May,BON,outflow,kcfs,Outflow,269.013
2007,24-May,BON,outflow,kcfs,Outflow,267.467
2007,25-May,BON,outflow,kcfs,Outflow,272.696
2007,26-May,BON,outflow,kcfs,Outflow,253.642
2007,27-May,BON,outflow,kcfs,Outflow,221.367
2007,28-May,BON,outflow,kcfs,Outflow,269.45
2007,29-May,BON,outflow,kcfs,Outflow,248.813
2007,30-May,BON,outflow,kcfs,Outflow,244.521
2007,31-May,BON,outflow,kcfs,Outflow,250.288
2007,1-Jun,BON,outflow,kcfs,Outflow,223.196
2007,20-Apr,JDA,outflow,kcfs,Outflow,220.546
2007,21-Apr,JDA,outflow,kcfs,Outflow,217.313
2007,22-Apr,JDA,outflow,kcfs,Outflow,215.825
2007,23-Apr,JDA,outflow,kcfs,Outflow,219.85
2007,24-Apr,JDA,outflow,kcfs,Outflow,198.263
2007,25-Apr,JDA,outflow,kcfs,Outflow,206.138
2007,26-Apr,JDA,outflow,kcfs,Outflow,222.533
2007,27-Apr,JDA,outflow,kcfs,Outflow,229.188
2007,28-Apr,JDA,outflow,kcfs,Outflow,222.588
2007,29-Apr,JDA,outflow,kcfs,Outflow,227.433
2007,30-Apr,JDA,outflow,kcfs,Outflow,227.233
2007,1-May,JDA,outflow,kcfs,Outflow,248
2007,2-May,JDA,outflow,kcfs,Outflow,255.979
2007,3-May,JDA,outflow,kcfs,Outflow,269.4
2007,4-May,JDA,outflow,kcfs,Outflow,278.871
2007,5-May,JDA,outflow,kcfs,Outflow,276.675
2007,6-May,JDA,outflow,kcfs,Outflow,276.821
2007,7-May,JDA,outflow,kcfs,Outflow,243.646
2007,8-May,JDA,outflow,kcfs,Outflow,250.592
2007,9-May,JDA,outflow,kcfs,Outflow,278.054
2007,10-May,JDA,outflow,kcfs,Outflow,273.125
2007,11-May,JDA,outflow,kcfs,Outflow,277.983
2007,12-May,JDA,outflow,kcfs,Outflow,259.563
2007,13-May,JDA,outflow,kcfs,Outflow,258.983
2007,14-May,JDA,outflow,kcfs,Outflow,283.292
2007,15-May,JDA,outflow,kcfs,Outflow,278.729
2007,16-May,JDA,outflow,kcfs,Outflow,244.654
2007,17-May,JDA,outflow,kcfs,Outflow,265.129
2007,18-May,JDA,outflow,kcfs,Outflow,252.767
2007,19-May,JDA,outflow,kcfs,Outflow,258.25
2007,20-May,JDA,outflow,kcfs,Outflow,264.85
2007,21-May,JDA,outflow,kcfs,Outflow,262.054
2007,22-May,JDA,outflow,kcfs,Outflow,261.079
2007,23-May,JDA,outflow,kcfs,Outflow,255.963
2007,24-May,JDA,outflow,kcfs,Outflow,254.079
2007,25-May,JDA,outflow,kcfs,Outflow,251.854
2007,26-May,JDA,outflow,kcfs,Outflow,244.05
2007,27-May,JDA,outflow,kcfs,Outflow,218.513
2007,28-May,JDA,outflow,kcfs,Outflow,254.746
2007,29-May,JDA,outflow,kcfs,Outflow,227.317
2007,30-May,JDA,outflow,kcfs,Outflow,233.133
2007,31-May,JDA,outflow,kcfs,Outflow,238.642
2007,1-Jun,JDA,outflow,kcfs,Outflow,227.979
2007,20-Apr,TDA,outflow,kcfs,Outflow,214.629
2007,21-Apr,TDA,outflow,kcfs,Outflow,213.442
2007,22-Apr,TDA,outflow,kcfs,Outflow,214.858
2007,23-Apr,TDA,outflow,kcfs,Outflow,216.358
2007,24-Apr,TDA,outflow,kcfs,Outflow,193.713
2007,25-Apr,TDA,outflow,kcfs,Outflow,207.038
2007,26-Apr,TDA,outflow,kcfs,Outflow,216.708
2007,27-Apr,TDA,outflow,kcfs,Outflow,226.275
2007,28-Apr,TDA,outflow,kcfs,Outflow,216.8
2007,29-Apr,TDA,outflow,kcfs,Outflow,225.408
2007,30-Apr,TDA,outflow,kcfs,Outflow,223.092
2007,1-May,TDA,outflow,kcfs,Outflow,247.596
2007,2-May,TDA,outflow,kcfs,Outflow,255.054
2007,3-May,TDA,outflow,kcfs,Outflow,262.938
2007,4-May,TDA,outflow,kcfs,Outflow,274.696
2007,5-May,TDA,outflow,kcfs,Outflow,273.229
2007,6-May,TDA,outflow,kcfs,Outflow,269.95
2007,7-May,TDA,outflow,kcfs,Outflow,235.092
2007,8-May,TDA,outflow,kcfs,Outflow,247.096
2007,9-May,TDA,outflow,kcfs,Outflow,272.992
2007,10-May,TDA,outflow,kcfs,Outflow,267.342
2007,11-May,TDA,outflow,kcfs,Outflow,270.179
2007,12-May,TDA,outflow,kcfs,Outflow,263.9
2007,13-May,TDA,outflow,kcfs,Outflow,245.767
2007,14-May,TDA,outflow,kcfs,Outflow,283.183
2007,15-May,TDA,outflow,kcfs,Outflow,269.442
2007,16-May,TDA,outflow,kcfs,Outflow,251.354
2007,17-May,TDA,outflow,kcfs,Outflow,252.133
2007,18-May,TDA,outflow,kcfs,Outflow,253.867
2007,19-May,TDA,outflow,kcfs,Outflow,254.763
2007,20-May,TDA,outflow,kcfs,Outflow,259.063
2007,21-May,TDA,outflow,kcfs,Outflow,255.563
2007,22-May,TDA,outflow,kcfs,Outflow,254.338
2007,23-May,TDA,outflow,kcfs,Outflow,258.104
2007,24-May,TDA,outflow,kcfs,Outflow,245.592
2007,25-May,TDA,outflow,kcfs,Outflow,251.954
2007,26-May,TDA,outflow,kcfs,Outflow,239.304
2007,27-May,TDA,outflow,kcfs,Outflow,206.729
2007,28-May,TDA,outflow,kcfs,Outflow,256.246
2007,29-May,TDA,outflow,kcfs,Outflow,233.617
2007,30-May,TDA,outflow,kcfs,Outflow,225.688
2007,31-May,TDA,outflow,kcfs,Outflow,232.117
2007,1-Jun,TDA,outflow,kcfs,Outflow,221.575
2006,20-Apr,BON,outflow,kcfs,Outflow,366.792
2006,21-Apr,BON,outflow,kcfs,Outflow,334.417
2006,22-Apr,BON,outflow,kcfs,Outflow,320.138
2006,23-Apr,BON,outflow,kcfs,Outflow,322.958
2006,24-Apr,BON,outflow,kcfs,Outflow,325.192
2006,25-Apr,BON,outflow,kcfs,Outflow,329.804
2006,26-Apr,BON,outflow,kcfs,Outflow,320.892
2006,27-Apr,BON,outflow,kcfs,Outflow,343.667
2006,28-Apr,BON,outflow,kcfs,Outflow,335.804
2006,29-Apr,BON,outflow,kcfs,Outflow,312.621
2006,30-Apr,BON,outflow,kcfs,Outflow,318.579
2006,1-May,BON,outflow,kcfs,Outflow,340.075
2006,2-May,BON,outflow,kcfs,Outflow,382.796
2006,3-May,BON,outflow,kcfs,Outflow,378.354
2006,4-May,BON,outflow,kcfs,Outflow,364.538
2006,5-May,BON,outflow,kcfs,Outflow,316.008
2006,6-May,BON,outflow,kcfs,Outflow,296.571
2006,7-May,BON,outflow,kcfs,Outflow,317.333
2006,8-May,BON,outflow,kcfs,Outflow,318.792
2006,9-May,BON,outflow,kcfs,Outflow,320.767
2006,10-May,BON,outflow,kcfs,Outflow,315.217
2006,11-May,BON,outflow,kcfs,Outflow,296.708
2006,12-May,BON,outflow,kcfs,Outflow,284.188
2006,13-May,BON,outflow,kcfs,Outflow,302.725
2006,14-May,BON,outflow,kcfs,Outflow,273.95
2006,15-May,BON,outflow,kcfs,Outflow,291.483
2006,16-May,BON,outflow,kcfs,Outflow,276.1
2006,17-May,BON,outflow,kcfs,Outflow,301.579
2006,18-May,BON,outflow,kcfs,Outflow,345.846
2006,19-May,BON,outflow,kcfs,Outflow,371.754
2006,20-May,BON,outflow,kcfs,Outflow,377.579
2006,21-May,BON,outflow,kcfs,Outflow,380.704
2006,22-May,BON,outflow,kcfs,Outflow,379.146
2006,23-May,BON,outflow,kcfs,Outflow,386.392
2006,24-May,BON,outflow,kcfs,Outflow,389.558
2006,25-May,BON,outflow,kcfs,Outflow,395.771
2006,26-May,BON,outflow,kcfs,Outflow,373.017
2006,27-May,BON,outflow,kcfs,Outflow,391.508
2006,28-May,BON,outflow,kcfs,Outflow,386.55
2006,29-May,BON,outflow,kcfs,Outflow,393.017
2006,30-May,BON,outflow,kcfs,Outflow,402.904
2006,31-May,BON,outflow,kcfs,Outflow,366.075
2006,1-Jun,BON,outflow,kcfs,Outflow,335.617
2006,20-Apr,JDA,outflow,kcfs,Outflow,351.988
2006,21-Apr,JDA,outflow,kcfs,Outflow,314.004
2006,22-Apr,JDA,outflow,kcfs,Outflow,295.271
2006,23-Apr,JDA,outflow,kcfs,Outflow,315.721
2006,24-Apr,JDA,outflow,kcfs,Outflow,335.108
2006,25-Apr,JDA,outflow,kcfs,Outflow,300.967
2006,26-Apr,JDA,outflow,kcfs,Outflow,319.229
2006,27-Apr,JDA,outflow,kcfs,Outflow,341.371
2006,28-Apr,JDA,outflow,kcfs,Outflow,298.608
2006,29-Apr,JDA,outflow,kcfs,Outflow,298.85
2006,30-Apr,JDA,outflow,kcfs,Outflow,316.842
2006,1-May,JDA,outflow,kcfs,Outflow,336.604
2006,2-May,JDA,outflow,kcfs,Outflow,365.875
2006,3-May,JDA,outflow,kcfs,Outflow,354.708
2006,4-May,JDA,outflow,kcfs,Outflow,347.883
2006,5-May,JDA,outflow,kcfs,Outflow,304.283
2006,6-May,JDA,outflow,kcfs,Outflow,270.717
2006,7-May,JDA,outflow,kcfs,Outflow,322.95
2006,8-May,JDA,outflow,kcfs,Outflow,314.863
2006,9-May,JDA,outflow,kcfs,Outflow,282.883
2006,10-May,JDA,outflow,kcfs,Outflow,298.008
2006,11-May,JDA,outflow,kcfs,Outflow,266.208
2006,12-May,JDA,outflow,kcfs,Outflow,288.263
2006,13-May,JDA,outflow,kcfs,Outflow,295.667
2006,14-May,JDA,outflow,kcfs,Outflow,255.129
2006,15-May,JDA,outflow,kcfs,Outflow,264.567
2006,16-May,JDA,outflow,kcfs,Outflow,266.446
2006,17-May,JDA,outflow,kcfs,Outflow,303.446
2006,18-May,JDA,outflow,kcfs,Outflow,345.771
2006,19-May,JDA,outflow,kcfs,Outflow,364.417
2006,20-May,JDA,outflow,kcfs,Outflow,368.792
2006,21-May,JDA,outflow,kcfs,Outflow,370.008
2006,22-May,JDA,outflow,kcfs,Outflow,369.65
2006,23-May,JDA,outflow,kcfs,Outflow,368.575
2006,24-May,JDA,outflow,kcfs,Outflow,389.996
2006,25-May,JDA,outflow,kcfs,Outflow,368.463
2006,26-May,JDA,outflow,kcfs,Outflow,369.354
2006,27-May,JDA,outflow,kcfs,Outflow,389.108
2006,28-May,JDA,outflow,kcfs,Outflow,379.425
2006,29-May,JDA,outflow,kcfs,Outflow,398.054
2006,30-May,JDA,outflow,kcfs,Outflow,387.617
2006,31-May,JDA,outflow,kcfs,Outflow,348.171
2006,1-Jun,JDA,outflow,kcfs,Outflow,326
2006,20-Apr,TDA,outflow,kcfs,Outflow,350.246
2006,21-Apr,TDA,outflow,kcfs,Outflow,317.775
2006,22-Apr,TDA,outflow,kcfs,Outflow,281.671
2006,23-Apr,TDA,outflow,kcfs,Outflow,308.792
2006,24-Apr,TDA,outflow,kcfs,Outflow,324.138
2006,25-Apr,TDA,outflow,kcfs,Outflow,301.942
2006,26-Apr,TDA,outflow,kcfs,Outflow,309.346
2006,27-Apr,TDA,outflow,kcfs,Outflow,334.154
2006,28-Apr,TDA,outflow,kcfs,Outflow,292.225
2006,29-Apr,TDA,outflow,kcfs,Outflow,292.629
2006,30-Apr,TDA,outflow,kcfs,Outflow,309.85
2006,1-May,TDA,outflow,kcfs,Outflow,329.942
2006,2-May,TDA,outflow,kcfs,Outflow,361.529
2006,3-May,TDA,outflow,kcfs,Outflow,346.513
2006,4-May,TDA,outflow,kcfs,Outflow,341.413
2006,5-May,TDA,outflow,kcfs,Outflow,299.692
2006,6-May,TDA,outflow,kcfs,Outflow,262.954
2006,7-May,TDA,outflow,kcfs,Outflow,316.033
2006,8-May,TDA,outflow,kcfs,Outflow,307.883
2006,9-May,TDA,outflow,kcfs,Outflow,279.783
2006,10-May,TDA,outflow,kcfs,Outflow,294.658
2006,11-May,TDA,outflow,kcfs,Outflow,255.571
2006,12-May,TDA,outflow,kcfs,Outflow,279.079
2006,13-May,TDA,outflow,kcfs,Outflow,295.1
2006,14-May,TDA,outflow,kcfs,Outflow,246.483
2006,15-May,TDA,outflow,kcfs,Outflow,261.679
2006,16-May,TDA,outflow,kcfs,Outflow,272.042
2006,17-May,TDA,outflow,kcfs,Outflow,300.021
2006,18-May,TDA,outflow,kcfs,Outflow,343.283
2006,19-May,TDA,outflow,kcfs,Outflow,359.842
2006,20-May,TDA,outflow,kcfs,Outflow,359.517
2006,21-May,TDA,outflow,kcfs,Outflow,363.392
2006,22-May,TDA,outflow,kcfs,Outflow,359.558
2006,23-May,TDA,outflow,kcfs,Outflow,365.475
2006,24-May,TDA,outflow,kcfs,Outflow,382.533
2006,25-May,TDA,outflow,kcfs,Outflow,377.358
2006,26-May,TDA,outflow,kcfs,Outflow,362.563
2006,27-May,TDA,outflow,kcfs,Outflow,391.175
2006,28-May,TDA,outflow,kcfs,Outflow,386.463
2006,29-May,TDA,outflow,kcfs,Outflow,383.658
2006,30-May,TDA,outflow,kcfs,Outflow,384.917
2006,31-May,TDA,outflow,kcfs,Outflow,351.288
2006,1-Jun,TDA,outflow,kcfs,Outflow,321.992
2005,20-Apr,BON,outflow,kcfs,Outflow,128.542
2005,21-Apr,BON,outflow,kcfs,Outflow,129.896
2005,22-Apr,BON,outflow,kcfs,Outflow,175.563
2005,23-Apr,BON,outflow,kcfs,Outflow,150.463
2005,24-Apr,BON,outflow,kcfs,Outflow,143.508
2005,25-Apr,BON,outflow,kcfs,Outflow,129.067
2005,26-Apr,BON,outflow,kcfs,Outflow,180.417
2005,27-Apr,BON,outflow,kcfs,Outflow,193.267
2005,28-Apr,BON,outflow,kcfs,Outflow,201.983
2005,29-Apr,BON,outflow,kcfs,Outflow,170.742
2005,30-Apr,BON,outflow,kcfs,Outflow,170.625
2005,1-May,BON,outflow,kcfs,Outflow,167.725
2005,2-May,BON,outflow,kcfs,Outflow,191.679
2005,3-May,BON,outflow,kcfs,Outflow,180.488
2005,4-May,BON,outflow,kcfs,Outflow,186.4
2005,5-May,BON,outflow,kcfs,Outflow,192.242
2005,6-May,BON,outflow,kcfs,Outflow,198.833
2005,7-May,BON,outflow,kcfs,Outflow,202.542
2005,8-May,BON,outflow,kcfs,Outflow,220.367
2005,9-May,BON,outflow,kcfs,Outflow,232.163
2005,10-May,BON,outflow,kcfs,Outflow,236.675
2005,11-May,BON,outflow,kcfs,Outflow,258.988
2005,12-May,BON,outflow,kcfs,Outflow,282.304
2005,13-May,BON,outflow,kcfs,Outflow,240.171
2005,14-May,BON,outflow,kcfs,Outflow,242.296
2005,15-May,BON,outflow,kcfs,Outflow,241.713
2005,16-May,BON,outflow,kcfs,Outflow,243.096
2005,17-May,BON,outflow,kcfs,Outflow,251.696
2005,18-May,BON,outflow,kcfs,Outflow,287.642
2005,19-May,BON,outflow,kcfs,Outflow,290.771
2005,20-May,BON,outflow,kcfs,Outflow,265.792
2005,21-May,BON,outflow,kcfs,Outflow,280.804
2005,22-May,BON,outflow,kcfs,Outflow,266.408
2005,23-May,BON,outflow,kcfs,Outflow,267.175
2005,24-May,BON,outflow,kcfs,Outflow,263.221
2005,25-May,BON,outflow,kcfs,Outflow,252.896
2005,26-May,BON,outflow,kcfs,Outflow,250.492
2005,27-May,BON,outflow,kcfs,Outflow,247.992
2005,28-May,BON,outflow,kcfs,Outflow,262.05
2005,29-May,BON,outflow,kcfs,Outflow,231.429
2005,30-May,BON,outflow,kcfs,Outflow,197.604
2005,31-May,BON,outflow,kcfs,Outflow,193.029
2005,1-Jun,BON,outflow,kcfs,Outflow,226.154
2005,20-Apr,JDA,outflow,kcfs,Outflow,128.621
2005,21-Apr,JDA,outflow,kcfs,Outflow,124.108
2005,22-Apr,JDA,outflow,kcfs,Outflow,166.446
2005,23-Apr,JDA,outflow,kcfs,Outflow,140.521
2005,24-Apr,JDA,outflow,kcfs,Outflow,119.688
2005,25-Apr,JDA,outflow,kcfs,Outflow,132.004
2005,26-Apr,JDA,outflow,kcfs,Outflow,183.063
2005,27-Apr,JDA,outflow,kcfs,Outflow,175.313
2005,28-Apr,JDA,outflow,kcfs,Outflow,189.942
2005,29-Apr,JDA,outflow,kcfs,Outflow,161.146
2005,30-Apr,JDA,outflow,kcfs,Outflow,164.592
2005,1-May,JDA,outflow,kcfs,Outflow,161.875
2005,2-May,JDA,outflow,kcfs,Outflow,178.625
2005,3-May,JDA,outflow,kcfs,Outflow,175.046
2005,4-May,JDA,outflow,kcfs,Outflow,178.583
2005,5-May,JDA,outflow,kcfs,Outflow,184.913
2005,6-May,JDA,outflow,kcfs,Outflow,190.329
2005,7-May,JDA,outflow,kcfs,Outflow,196.425
2005,8-May,JDA,outflow,kcfs,Outflow,203.513
2005,9-May,JDA,outflow,kcfs,Outflow,239.946
2005,10-May,JDA,outflow,kcfs,Outflow,224.771
2005,11-May,JDA,outflow,kcfs,Outflow,253.558
2005,12-May,JDA,outflow,kcfs,Outflow,258.854
2005,13-May,JDA,outflow,kcfs,Outflow,242.438
2005,14-May,JDA,outflow,kcfs,Outflow,240.083
2005,15-May,JDA,outflow,kcfs,Outflow,230.125
2005,16-May,JDA,outflow,kcfs,Outflow,216.796
2005,17-May,JDA,outflow,kcfs,Outflow,258.883
2005,18-May,JDA,outflow,kcfs,Outflow,286.308
2005,19-May,JDA,outflow,kcfs,Outflow,259.167
2005,20-May,JDA,outflow,kcfs,Outflow,258.1
2005,21-May,JDA,outflow,kcfs,Outflow,271.425
2005,22-May,JDA,outflow,kcfs,Outflow,262.313
2005,23-May,JDA,outflow,kcfs,Outflow,265.933
2005,24-May,JDA,outflow,kcfs,Outflow,252.083
2005,25-May,JDA,outflow,kcfs,Outflow,222.25
2005,26-May,JDA,outflow,kcfs,Outflow,255.796
2005,27-May,JDA,outflow,kcfs,Outflow,254.392
2005,28-May,JDA,outflow,kcfs,Outflow,276.846
2005,29-May,JDA,outflow,kcfs,Outflow,220.892
2005,30-May,JDA,outflow,kcfs,Outflow,177.475
2005,31-May,JDA,outflow,kcfs,Outflow,181.483
2005,1-Jun,JDA,outflow,kcfs,Outflow,222.4
2005,20-Apr,TDA,outflow,kcfs,Outflow,126.988
2005,21-Apr,TDA,outflow,kcfs,Outflow,119.475
2005,22-Apr,TDA,outflow,kcfs,Outflow,164.979
2005,23-Apr,TDA,outflow,kcfs,Outflow,140.492
2005,24-Apr,TDA,outflow,kcfs,Outflow,124.158
2005,25-Apr,TDA,outflow,kcfs,Outflow,127.496
2005,26-Apr,TDA,outflow,kcfs,Outflow,178.225
2005,27-Apr,TDA,outflow,kcfs,Outflow,176.508
2005,28-Apr,TDA,outflow,kcfs,Outflow,191.679
2005,29-Apr,TDA,outflow,kcfs,Outflow,158.771
2005,30-Apr,TDA,outflow,kcfs,Outflow,164.496
2005,1-May,TDA,outflow,kcfs,Outflow,157.571
2005,2-May,TDA,outflow,kcfs,Outflow,177.367
2005,3-May,TDA,outflow,kcfs,Outflow,177.038
2005,4-May,TDA,outflow,kcfs,Outflow,173.246
2005,5-May,TDA,outflow,kcfs,Outflow,186.133
2005,6-May,TDA,outflow,kcfs,Outflow,189.704
2005,7-May,TDA,outflow,kcfs,Outflow,192.975
2005,8-May,TDA,outflow,kcfs,Outflow,206.154
2005,9-May,TDA,outflow,kcfs,Outflow,236.4
2005,10-May,TDA,outflow,kcfs,Outflow,225.425
2005,11-May,TDA,outflow,kcfs,Outflow,252.75
2005,12-May,TDA,outflow,kcfs,Outflow,262.308
2005,13-May,TDA,outflow,kcfs,Outflow,240.8
2005,14-May,TDA,outflow,kcfs,Outflow,236.604
2005,15-May,TDA,outflow,kcfs,Outflow,223.913
2005,16-May,TDA,outflow,kcfs,Outflow,222.342
2005,17-May,TDA,outflow,kcfs,Outflow,255.775
2005,18-May,TDA,outflow,kcfs,Outflow,286.479
2005,19-May,TDA,outflow,kcfs,Outflow,260.288
2005,20-May,TDA,outflow,kcfs,Outflow,255.017
2005,21-May,TDA,outflow,kcfs,Outflow,270.688
2005,22-May,TDA,outflow,kcfs,Outflow,256.713
2005,23-May,TDA,outflow,kcfs,Outflow,260.188
2005,24-May,TDA,outflow,kcfs,Outflow,246.45
2005,25-May,TDA,outflow,kcfs,Outflow,227.242
2005,26-May,TDA,outflow,kcfs,Outflow,246.246
2005,27-May,TDA,outflow,kcfs,Outflow,252.496
2005,28-May,TDA,outflow,kcfs,Outflow,267.092
2005,29-May,TDA,outflow,kcfs,Outflow,218.888
2005,30-May,TDA,outflow,kcfs,Outflow,174.763
2005,31-May,TDA,outflow,kcfs,Outflow,181.817
2005,1-Jun,TDA,outflow,kcfs,Outflow,212.925
2004,20-Apr,JDA,outflow,kcfs,Outflow,173.713
2004,21-Apr,JDA,outflow,kcfs,Outflow,204.888
2004,22-Apr,JDA,outflow,kcfs,Outflow,175.121
2004,23-Apr,JDA,outflow,kcfs,Outflow,157.988
2004,24-Apr,JDA,outflow,kcfs,Outflow,158.492
2004,25-Apr,JDA,outflow,kcfs,Outflow,156.475
2004,26-Apr,JDA,outflow,kcfs,Outflow,154.117
2004,27-Apr,JDA,outflow,kcfs,Outflow,129.758
2004,28-Apr,JDA,outflow,kcfs,Outflow,194.271
2004,29-Apr,JDA,outflow,kcfs,Outflow,169.05
2004,30-Apr,JDA,outflow,kcfs,Outflow,165.729
2004,1-May,JDA,outflow,kcfs,Outflow,170.613
2004,2-May,JDA,outflow,kcfs,Outflow,156.513
2004,3-May,JDA,outflow,kcfs,Outflow,165.579
2004,4-May,JDA,outflow,kcfs,Outflow,203.404
2004,5-May,JDA,outflow,kcfs,Outflow,211.558
2004,6-May,JDA,outflow,kcfs,Outflow,215.229
2004,7-May,JDA,outflow,kcfs,Outflow,212.783
2004,8-May,JDA,outflow,kcfs,Outflow,200.546
2004,9-May,JDA,outflow,kcfs,Outflow,198.446
2004,10-May,JDA,outflow,kcfs,Outflow,201.446
2004,11-May,JDA,outflow,kcfs,Outflow,222.433
2004,12-May,JDA,outflow,kcfs,Outflow,219.638
2004,13-May,JDA,outflow,kcfs,Outflow,207.004
2004,14-May,JDA,outflow,kcfs,Outflow,205.975
2004,15-May,JDA,outflow,kcfs,Outflow,188.375
2004,16-May,JDA,outflow,kcfs,Outflow,181.425
2004,17-May,JDA,outflow,kcfs,Outflow,207.817
2004,18-May,JDA,outflow,kcfs,Outflow,196.125
2004,19-May,JDA,outflow,kcfs,Outflow,213.613
2004,20-May,JDA,outflow,kcfs,Outflow,220.588
2004,21-May,JDA,outflow,kcfs,Outflow,210.546
2004,22-May,JDA,outflow,kcfs,Outflow,217.396
2004,23-May,JDA,outflow,kcfs,Outflow,211.946
2004,24-May,JDA,outflow,kcfs,Outflow,223.675
2004,25-May,JDA,outflow,kcfs,Outflow,214.863
2004,26-May,JDA,outflow,kcfs,Outflow,231.158
2004,27-May,JDA,outflow,kcfs,Outflow,240.442
2004,28-May,JDA,outflow,kcfs,Outflow,260.442
2004,29-May,JDA,outflow,kcfs,Outflow,280.3
2004,30-May,JDA,outflow,kcfs,Outflow,233.679
2004,31-May,JDA,outflow,kcfs,Outflow,267.854
2004,1-Jun,JDA,outflow,kcfs,Outflow,259.542
2004,20-Apr,BON,outflow,kcfs,Outflow,194.438
2004,21-Apr,BON,outflow,kcfs,Outflow,236.763
2004,22-Apr,BON,outflow,kcfs,Outflow,210.808
2004,23-Apr,BON,outflow,kcfs,Outflow,184.517
2004,24-Apr,BON,outflow,kcfs,Outflow,189.271
2004,25-Apr,BON,outflow,kcfs,Outflow,196.75
2004,26-Apr,BON,outflow,kcfs,Outflow,188.238
2004,27-Apr,BON,outflow,kcfs,Outflow,189.267
2004,28-Apr,BON,outflow,kcfs,Outflow,191.375
2004,29-Apr,BON,outflow,kcfs,Outflow,195.558
2004,30-Apr,BON,outflow,kcfs,Outflow,199.1
2004,1-May,BON,outflow,kcfs,Outflow,204.575
2004,2-May,BON,outflow,kcfs,Outflow,185.358
2004,3-May,BON,outflow,kcfs,Outflow,191.263
2004,4-May,BON,outflow,kcfs,Outflow,222.4
2004,5-May,BON,outflow,kcfs,Outflow,250.233
2004,6-May,BON,outflow,kcfs,Outflow,245.663
2004,7-May,BON,outflow,kcfs,Outflow,238.467
2004,8-May,BON,outflow,kcfs,Outflow,233.329
2004,9-May,BON,outflow,kcfs,Outflow,225.063
2004,10-May,BON,outflow,kcfs,Outflow,228.779
2004,11-May,BON,outflow,kcfs,Outflow,248.888
2004,12-May,BON,outflow,kcfs,Outflow,256.996
2004,13-May,BON,outflow,kcfs,Outflow,246.304
2004,14-May,BON,outflow,kcfs,Outflow,225.938
2004,15-May,BON,outflow,kcfs,Outflow,232.033
2004,16-May,BON,outflow,kcfs,Outflow,208.279
2004,17-May,BON,outflow,kcfs,Outflow,240.708
2004,18-May,BON,outflow,kcfs,Outflow,230.175
2004,19-May,BON,outflow,kcfs,Outflow,232.896
2004,20-May,BON,outflow,kcfs,Outflow,255.808
2004,21-May,BON,outflow,kcfs,Outflow,253.383
2004,22-May,BON,outflow,kcfs,Outflow,232.183
2004,23-May,BON,outflow,kcfs,Outflow,252.383
2004,24-May,BON,outflow,kcfs,Outflow,261.863
2004,25-May,BON,outflow,kcfs,Outflow,244.35
2004,26-May,BON,outflow,kcfs,Outflow,249.621
2004,27-May,BON,outflow,kcfs,Outflow,285.958
2004,28-May,BON,outflow,kcfs,Outflow,292.846
2004,29-May,BON,outflow,kcfs,Outflow,311.708
2004,30-May,BON,outflow,kcfs,Outflow,269.946
2004,31-May,BON,outflow,kcfs,Outflow,308.85
2004,1-Jun,BON,outflow,kcfs,Outflow,275.017
2004,20-Apr,TDA,outflow,kcfs,Outflow,178.408
2004,21-Apr,TDA,outflow,kcfs,Outflow,209.375
2004,22-Apr,TDA,outflow,kcfs,Outflow,169.971
2004,23-Apr,TDA,outflow,kcfs,Outflow,169.217
2004,24-Apr,TDA,outflow,kcfs,Outflow,160.425
2004,25-Apr,TDA,outflow,kcfs,Outflow,162.621
2004,26-Apr,TDA,outflow,kcfs,Outflow,151.842
2004,27-Apr,TDA,outflow,kcfs,Outflow,132.208
2004,28-Apr,TDA,outflow,kcfs,Outflow,196.542
2004,29-Apr,TDA,outflow,kcfs,Outflow,169.017
2004,30-Apr,TDA,outflow,kcfs,Outflow,167.733
2004,1-May,TDA,outflow,kcfs,Outflow,174.729
2004,2-May,TDA,outflow,kcfs,Outflow,159.354
2004,3-May,TDA,outflow,kcfs,Outflow,167.892
2004,4-May,TDA,outflow,kcfs,Outflow,201
2004,5-May,TDA,outflow,kcfs,Outflow,218.042
2004,6-May,TDA,outflow,kcfs,Outflow,221.283
2004,7-May,TDA,outflow,kcfs,Outflow,212.333
2004,8-May,TDA,outflow,kcfs,Outflow,207.813
2004,9-May,TDA,outflow,kcfs,Outflow,201.35
2004,10-May,TDA,outflow,kcfs,Outflow,204.858
2004,11-May,TDA,outflow,kcfs,Outflow,225.338
2004,12-May,TDA,outflow,kcfs,Outflow,228.933
2004,13-May,TDA,outflow,kcfs,Outflow,214.375
2004,14-May,TDA,outflow,kcfs,Outflow,201.888
2004,15-May,TDA,outflow,kcfs,Outflow,197.296
2004,16-May,TDA,outflow,kcfs,Outflow,182.575
2004,17-May,TDA,outflow,kcfs,Outflow,212.488
2004,18-May,TDA,outflow,kcfs,Outflow,199.863
2004,19-May,TDA,outflow,kcfs,Outflow,216.404
2004,20-May,TDA,outflow,kcfs,Outflow,224.908
2004,21-May,TDA,outflow,kcfs,Outflow,218.838
2004,22-May,TDA,outflow,kcfs,Outflow,215.692
2004,23-May,TDA,outflow,kcfs,Outflow,215.371
2004,24-May,TDA,outflow,kcfs,Outflow,230.596
2004,25-May,TDA,outflow,kcfs,Outflow,221.729
2004,26-May,TDA,outflow,kcfs,Outflow,237.008
2004,27-May,TDA,outflow,kcfs,Outflow,257.667
2004,28-May,TDA,outflow,kcfs,Outflow,258.283
2004,29-May,TDA,outflow,kcfs,Outflow,288.971
2004,30-May,TDA,outflow,kcfs,Outflow,237.713
2004,31-May,TDA,outflow,kcfs,Outflow,279.867
2004,1-Jun,TDA,outflow,kcfs,Outflow,260.425
2003,20-Apr,BON,outflow,kcfs,Outflow,207.596
2003,21-Apr,BON,outflow,kcfs,Outflow,209.738
2003,22-Apr,BON,outflow,kcfs,Outflow,230.633
2003,23-Apr,BON,outflow,kcfs,Outflow,248.838
2003,24-Apr,BON,outflow,kcfs,Outflow,238.133
2003,25-Apr,BON,outflow,kcfs,Outflow,219.558
2003,26-Apr,BON,outflow,kcfs,Outflow,278.358
2003,27-Apr,BON,outflow,kcfs,Outflow,235.313
2003,28-Apr,BON,outflow,kcfs,Outflow,245.167
2003,29-Apr,BON,outflow,kcfs,Outflow,238.508
2003,30-Apr,BON,outflow,kcfs,Outflow,251.583
2003,1-May,BON,outflow,kcfs,Outflow,255.629
2003,2-May,BON,outflow,kcfs,Outflow,232.475
2003,3-May,BON,outflow,kcfs,Outflow,227.875
2003,4-May,BON,outflow,kcfs,Outflow,219.608
2003,5-May,BON,outflow,kcfs,Outflow,225.038
2003,6-May,BON,outflow,kcfs,Outflow,258.146
2003,7-May,BON,outflow,kcfs,Outflow,273.125
2003,8-May,BON,outflow,kcfs,Outflow,226.833
2003,9-May,BON,outflow,kcfs,Outflow,257.5
2003,10-May,BON,outflow,kcfs,Outflow,230.85
2003,11-May,BON,outflow,kcfs,Outflow,212.863
2003,12-May,BON,outflow,kcfs,Outflow,217.192
2003,13-May,BON,outflow,kcfs,Outflow,217.992
2003,14-May,BON,outflow,kcfs,Outflow,258.95
2003,15-May,BON,outflow,kcfs,Outflow,254.621
2003,16-May,BON,outflow,kcfs,Outflow,261.517
2003,17-May,BON,outflow,kcfs,Outflow,245.55
2003,18-May,BON,outflow,kcfs,Outflow,254.896
2003,19-May,BON,outflow,kcfs,Outflow,257.404
2003,20-May,BON,outflow,kcfs,Outflow,226.629
2003,21-May,BON,outflow,kcfs,Outflow,245.758
2003,22-May,BON,outflow,kcfs,Outflow,259.821
2003,23-May,BON,outflow,kcfs,Outflow,268.417
2003,24-May,BON,outflow,kcfs,Outflow,272.429
2003,25-May,BON,outflow,kcfs,Outflow,251.288
2003,26-May,BON,outflow,kcfs,Outflow,276.625
2003,27-May,BON,outflow,kcfs,Outflow,311.188
2003,28-May,BON,outflow,kcfs,Outflow,338.9
2003,29-May,BON,outflow,kcfs,Outflow,282.038
2003,30-May,BON,outflow,kcfs,Outflow,343.425
2003,31-May,BON,outflow,kcfs,Outflow,350.463
2003,1-Jun,BON,outflow,kcfs,Outflow,352.867
2003,20-Apr,JDA,outflow,kcfs,Outflow,184.667
2003,21-Apr,JDA,outflow,kcfs,Outflow,172.167
2003,22-Apr,JDA,outflow,kcfs,Outflow,222.717
2003,23-Apr,JDA,outflow,kcfs,Outflow,239.417
2003,24-Apr,JDA,outflow,kcfs,Outflow,212.254
2003,25-Apr,JDA,outflow,kcfs,Outflow,198.692
2003,26-Apr,JDA,outflow,kcfs,Outflow,251.425
2003,27-Apr,JDA,outflow,kcfs,Outflow,198.271
2003,28-Apr,JDA,outflow,kcfs,Outflow,229.279
2003,29-Apr,JDA,outflow,kcfs,Outflow,220.45
2003,30-Apr,JDA,outflow,kcfs,Outflow,221.688
2003,1-May,JDA,outflow,kcfs,Outflow,233.7
2003,2-May,JDA,outflow,kcfs,Outflow,198.879
2003,3-May,JDA,outflow,kcfs,Outflow,195.967
2003,4-May,JDA,outflow,kcfs,Outflow,195.717
2003,5-May,JDA,outflow,kcfs,Outflow,214.421
2003,6-May,JDA,outflow,kcfs,Outflow,230.192
2003,7-May,JDA,outflow,kcfs,Outflow,237.571
2003,8-May,JDA,outflow,kcfs,Outflow,210.392
2003,9-May,JDA,outflow,kcfs,Outflow,231.292
2003,10-May,JDA,outflow,kcfs,Outflow,216.571
2003,11-May,JDA,outflow,kcfs,Outflow,169.558
2003,12-May,JDA,outflow,kcfs,Outflow,198.9
2003,13-May,JDA,outflow,kcfs,Outflow,201.279
2003,14-May,JDA,outflow,kcfs,Outflow,264.95
2003,15-May,JDA,outflow,kcfs,Outflow,218.217
2003,16-May,JDA,outflow,kcfs,Outflow,244.413
2003,17-May,JDA,outflow,kcfs,Outflow,237.892
2003,18-May,JDA,outflow,kcfs,Outflow,239.025
2003,19-May,JDA,outflow,kcfs,Outflow,222.679
2003,20-May,JDA,outflow,kcfs,Outflow,212.338
2003,21-May,JDA,outflow,kcfs,Outflow,219.754
2003,22-May,JDA,outflow,kcfs,Outflow,248.804
2003,23-May,JDA,outflow,kcfs,Outflow,249.763
2003,24-May,JDA,outflow,kcfs,Outflow,247.325
2003,25-May,JDA,outflow,kcfs,Outflow,229.979
2003,26-May,JDA,outflow,kcfs,Outflow,247.492
2003,27-May,JDA,outflow,kcfs,Outflow,317.246
2003,28-May,JDA,outflow,kcfs,Outflow,310.063
2003,29-May,JDA,outflow,kcfs,Outflow,269.238
2003,30-May,JDA,outflow,kcfs,Outflow,349.121
2003,31-May,JDA,outflow,kcfs,Outflow,356.858
2003,1-Jun,JDA,outflow,kcfs,Outflow,321.488
2003,20-Apr,TDA,outflow,kcfs,Outflow,184.846
2003,21-Apr,TDA,outflow,kcfs,Outflow,177.271
2003,22-Apr,TDA,outflow,kcfs,Outflow,216.346
2003,23-Apr,TDA,outflow,kcfs,Outflow,239.546
2003,24-Apr,TDA,outflow,kcfs,Outflow,211.854
2003,25-Apr,TDA,outflow,kcfs,Outflow,195.625
2003,26-Apr,TDA,outflow,kcfs,Outflow,254.863
2003,27-Apr,TDA,outflow,kcfs,Outflow,193.625
2003,28-Apr,TDA,outflow,kcfs,Outflow,230.733
2003,29-Apr,TDA,outflow,kcfs,Outflow,216.696
2003,30-Apr,TDA,outflow,kcfs,Outflow,222.388
2003,1-May,TDA,outflow,kcfs,Outflow,231.133
2003,2-May,TDA,outflow,kcfs,Outflow,192.25
2003,3-May,TDA,outflow,kcfs,Outflow,198.858
2003,4-May,TDA,outflow,kcfs,Outflow,193.067
2003,5-May,TDA,outflow,kcfs,Outflow,220.033
2003,6-May,TDA,outflow,kcfs,Outflow,222.092
2003,7-May,TDA,outflow,kcfs,Outflow,246.963
2003,8-May,TDA,outflow,kcfs,Outflow,196.825
2003,9-May,TDA,outflow,kcfs,Outflow,235.979
2003,10-May,TDA,outflow,kcfs,Outflow,218.575
2003,11-May,TDA,outflow,kcfs,Outflow,168.608
2003,12-May,TDA,outflow,kcfs,Outflow,200.254
2003,13-May,TDA,outflow,kcfs,Outflow,196.208
2003,14-May,TDA,outflow,kcfs,Outflow,260.45
2003,15-May,TDA,outflow,kcfs,Outflow,218.763
2003,16-May,TDA,outflow,kcfs,Outflow,242.238
2003,17-May,TDA,outflow,kcfs,Outflow,235.9
2003,18-May,TDA,outflow,kcfs,Outflow,236.9
2003,19-May,TDA,outflow,kcfs,Outflow,220.892
2003,20-May,TDA,outflow,kcfs,Outflow,212.638
2003,21-May,TDA,outflow,kcfs,Outflow,221.946
2003,22-May,TDA,outflow,kcfs,Outflow,247.225
2003,23-May,TDA,outflow,kcfs,Outflow,246.725
2003,24-May,TDA,outflow,kcfs,Outflow,251.392
2003,25-May,TDA,outflow,kcfs,Outflow,232.188
2003,26-May,TDA,outflow,kcfs,Outflow,240.517
2003,27-May,TDA,outflow,kcfs,Outflow,310.821
2003,28-May,TDA,outflow,kcfs,Outflow,322.871
2003,29-May,TDA,outflow,kcfs,Outflow,270.013
2003,30-May,TDA,outflow,kcfs,Outflow,343.104
2003,31-May,TDA,outflow,kcfs,Outflow,354.175
2003,1-Jun,TDA,outflow,kcfs,Outflow,321.05
2002,20-Apr,BON,outflow,kcfs,Outflow,283.092
2002,21-Apr,BON,outflow,kcfs,Outflow,301.783
2002,22-Apr,BON,outflow,kcfs,Outflow,259.375
2002,23-Apr,BON,outflow,kcfs,Outflow,271.117
2002,24-Apr,BON,outflow,kcfs,Outflow,278.521
2002,25-Apr,BON,outflow,kcfs,Outflow,252.246
2002,26-Apr,BON,outflow,kcfs,Outflow,242.213
2002,27-Apr,BON,outflow,kcfs,Outflow,245.9
2002,28-Apr,BON,outflow,kcfs,Outflow,199.321
2002,29-Apr,BON,outflow,kcfs,Outflow,205.375
2002,30-Apr,BON,outflow,kcfs,Outflow,240.263
2002,1-May,BON,outflow,kcfs,Outflow,230.642
2002,2-May,BON,outflow,kcfs,Outflow,213.942
2002,3-May,BON,outflow,kcfs,Outflow,251.208
2002,4-May,BON,outflow,kcfs,Outflow,244.967
2002,5-May,BON,outflow,kcfs,Outflow,247.992
2002,6-May,BON,outflow,kcfs,Outflow,210.054
2002,7-May,BON,outflow,kcfs,Outflow,239.95
2002,8-May,BON,outflow,kcfs,Outflow,265.542
2002,9-May,BON,outflow,kcfs,Outflow,212.742
2002,10-May,BON,outflow,kcfs,Outflow,198.229
2002,11-May,BON,outflow,kcfs,Outflow,223.238
2002,12-May,BON,outflow,kcfs,Outflow,198.296
2002,13-May,BON,outflow,kcfs,Outflow,220.75
2002,14-May,BON,outflow,kcfs,Outflow,205.833
2002,15-May,BON,outflow,kcfs,Outflow,215.9
2002,16-May,BON,outflow,kcfs,Outflow,208.113
2002,17-May,BON,outflow,kcfs,Outflow,221.429
2002,18-May,BON,outflow,kcfs,Outflow,227.15
2002,19-May,BON,outflow,kcfs,Outflow,229.05
2002,20-May,BON,outflow,kcfs,Outflow,232.604
2002,21-May,BON,outflow,kcfs,Outflow,268.317
2002,22-May,BON,outflow,kcfs,Outflow,293.625
2002,23-May,BON,outflow,kcfs,Outflow,271.838
2002,24-May,BON,outflow,kcfs,Outflow,276.333
2002,25-May,BON,outflow,kcfs,Outflow,259.138
2002,26-May,BON,outflow,kcfs,Outflow,245.75
2002,27-May,BON,outflow,kcfs,Outflow,246.763
2002,28-May,BON,outflow,kcfs,Outflow,290.542
2002,29-May,BON,outflow,kcfs,Outflow,313.588
2002,30-May,BON,outflow,kcfs,Outflow,295.367
2002,31-May,BON,outflow,kcfs,Outflow,312.083
2002,1-Jun,BON,outflow,kcfs,Outflow,349.508
2002,20-Apr,JDA,outflow,kcfs,Outflow,283.313
2002,21-Apr,JDA,outflow,kcfs,Outflow,280.075
2002,22-Apr,JDA,outflow,kcfs,Outflow,257.971
2002,23-Apr,JDA,outflow,kcfs,Outflow,281.313
2002,24-Apr,JDA,outflow,kcfs,Outflow,262.613
2002,25-Apr,JDA,outflow,kcfs,Outflow,243.146
2002,26-Apr,JDA,outflow,kcfs,Outflow,226.613
2002,27-Apr,JDA,outflow,kcfs,Outflow,228.417
2002,28-Apr,JDA,outflow,kcfs,Outflow,181.304
2002,29-Apr,JDA,outflow,kcfs,Outflow,214.696
2002,30-Apr,JDA,outflow,kcfs,Outflow,234.504
2002,1-May,JDA,outflow,kcfs,Outflow,211.513
2002,2-May,JDA,outflow,kcfs,Outflow,203.729
2002,3-May,JDA,outflow,kcfs,Outflow,247.858
2002,4-May,JDA,outflow,kcfs,Outflow,236.433
2002,5-May,JDA,outflow,kcfs,Outflow,219.496
2002,6-May,JDA,outflow,kcfs,Outflow,216.213
2002,7-May,JDA,outflow,kcfs,Outflow,241.183
2002,8-May,JDA,outflow,kcfs,Outflow,257.575
2002,9-May,JDA,outflow,kcfs,Outflow,204.063
2002,10-May,JDA,outflow,kcfs,Outflow,199.238
2002,11-May,JDA,outflow,kcfs,Outflow,212.2
2002,12-May,JDA,outflow,kcfs,Outflow,170.754
2002,13-May,JDA,outflow,kcfs,Outflow,209.838
2002,14-May,JDA,outflow,kcfs,Outflow,205.896
2002,15-May,JDA,outflow,kcfs,Outflow,219.063
2002,16-May,JDA,outflow,kcfs,Outflow,194.275
2002,17-May,JDA,outflow,kcfs,Outflow,225.242
2002,18-May,JDA,outflow,kcfs,Outflow,205.038
2002,19-May,JDA,outflow,kcfs,Outflow,220.088
2002,20-May,JDA,outflow,kcfs,Outflow,228.875
2002,21-May,JDA,outflow,kcfs,Outflow,262.258
2002,22-May,JDA,outflow,kcfs,Outflow,276.721
2002,23-May,JDA,outflow,kcfs,Outflow,270.754
2002,24-May,JDA,outflow,kcfs,Outflow,275.179
2002,25-May,JDA,outflow,kcfs,Outflow,246.367
2002,26-May,JDA,outflow,kcfs,Outflow,238.921
2002,27-May,JDA,outflow,kcfs,Outflow,246.575
2002,28-May,JDA,outflow,kcfs,Outflow,284.729
2002,29-May,JDA,outflow,kcfs,Outflow,305.871
2002,30-May,JDA,outflow,kcfs,Outflow,303.025
2002,31-May,JDA,outflow,kcfs,Outflow,305.225
2002,1-Jun,JDA,outflow,kcfs,Outflow,359.175
2002,20-Apr,TDA,outflow,kcfs,Outflow,275.133
2002,21-Apr,TDA,outflow,kcfs,Outflow,280.55
2002,22-Apr,TDA,outflow,kcfs,Outflow,249.208
2002,23-Apr,TDA,outflow,kcfs,Outflow,266.7
2002,24-Apr,TDA,outflow,kcfs,Outflow,258.925
2002,25-Apr,TDA,outflow,kcfs,Outflow,239.004
2002,26-Apr,TDA,outflow,kcfs,Outflow,217.942
2002,27-Apr,TDA,outflow,kcfs,Outflow,229.154
2002,28-Apr,TDA,outflow,kcfs,Outflow,169.188
2002,29-Apr,TDA,outflow,kcfs,Outflow,208.854
2002,30-Apr,TDA,outflow,kcfs,Outflow,228.033
2002,1-May,TDA,outflow,kcfs,Outflow,210.021
2002,2-May,TDA,outflow,kcfs,Outflow,196.296
2002,3-May,TDA,outflow,kcfs,Outflow,246.046
2002,4-May,TDA,outflow,kcfs,Outflow,229.133
2002,5-May,TDA,outflow,kcfs,Outflow,213.783
2002,6-May,TDA,outflow,kcfs,Outflow,215.858
2002,7-May,TDA,outflow,kcfs,Outflow,234.658
2002,8-May,TDA,outflow,kcfs,Outflow,252.279
2002,9-May,TDA,outflow,kcfs,Outflow,209.029
2002,10-May,TDA,outflow,kcfs,Outflow,187.838
2002,11-May,TDA,outflow,kcfs,Outflow,206.896
2002,12-May,TDA,outflow,kcfs,Outflow,174.471
2002,13-May,TDA,outflow,kcfs,Outflow,206.017
2002,14-May,TDA,outflow,kcfs,Outflow,201.408
2002,15-May,TDA,outflow,kcfs,Outflow,211.179
2002,16-May,TDA,outflow,kcfs,Outflow,186.592
2002,17-May,TDA,outflow,kcfs,Outflow,224.696
2002,18-May,TDA,outflow,kcfs,Outflow,202.5
2002,19-May,TDA,outflow,kcfs,Outflow,214.213
2002,20-May,TDA,outflow,kcfs,Outflow,220.921
2002,21-May,TDA,outflow,kcfs,Outflow,256.558
2002,22-May,TDA,outflow,kcfs,Outflow,273.508
2002,23-May,TDA,outflow,kcfs,Outflow,260.617
2002,24-May,TDA,outflow,kcfs,Outflow,275.779
2002,25-May,TDA,outflow,kcfs,Outflow,243.717
2002,26-May,TDA,outflow,kcfs,Outflow,236.079
2002,27-May,TDA,outflow,kcfs,Outflow,234.025
2002,28-May,TDA,outflow,kcfs,Outflow,274.896
2002,29-May,TDA,outflow,kcfs,Outflow,301.638
2002,30-May,TDA,outflow,kcfs,Outflow,288.813
2002,31-May,TDA,outflow,kcfs,Outflow,299.675
2002,1-Jun,TDA,outflow,kcfs,Outflow,345.192
2001,20-Apr,BON,outflow,kcfs,Outflow,123.925
2001,21-Apr,BON,outflow,kcfs,Outflow,109.346
2001,22-Apr,BON,outflow,kcfs,Outflow,93.542
2001,23-Apr,BON,outflow,kcfs,Outflow,102.229
2001,24-Apr,BON,outflow,kcfs,Outflow,120.358
2001,25-Apr,BON,outflow,kcfs,Outflow,122.458
2001,26-Apr,BON,outflow,kcfs,Outflow,125.392
2001,27-Apr,BON,outflow,kcfs,Outflow,131.55
2001,28-Apr,BON,outflow,kcfs,Outflow,107.504
2001,29-Apr,BON,outflow,kcfs,Outflow,141.692
2001,30-Apr,BON,outflow,kcfs,Outflow,146.513
2001,1-May,BON,outflow,kcfs,Outflow,160.567
2001,2-May,BON,outflow,kcfs,Outflow,161.917
2001,3-May,BON,outflow,kcfs,Outflow,152.408
2001,4-May,BON,outflow,kcfs,Outflow,142.892
2001,5-May,BON,outflow,kcfs,Outflow,134.908
2001,6-May,BON,outflow,kcfs,Outflow,148.121
2001,7-May,BON,outflow,kcfs,Outflow,141.7
2001,8-May,BON,outflow,kcfs,Outflow,132.442
2001,9-May,BON,outflow,kcfs,Outflow,123.063
2001,10-May,BON,outflow,kcfs,Outflow,109.321
2001,11-May,BON,outflow,kcfs,Outflow,111.858
2001,12-May,BON,outflow,kcfs,Outflow,120
2001,13-May,BON,outflow,kcfs,Outflow,111.6
2001,14-May,BON,outflow,kcfs,Outflow,122.108
2001,15-May,BON,outflow,kcfs,Outflow,133.179
2001,16-May,BON,outflow,kcfs,Outflow,158.596
2001,17-May,BON,outflow,kcfs,Outflow,175.433
2001,18-May,BON,outflow,kcfs,Outflow,180.413
2001,19-May,BON,outflow,kcfs,Outflow,138.129
2001,20-May,BON,outflow,kcfs,Outflow,125.838
2001,21-May,BON,outflow,kcfs,Outflow,144.796
2001,22-May,BON,outflow,kcfs,Outflow,142.021
2001,23-May,BON,outflow,kcfs,Outflow,170.125
2001,24-May,BON,outflow,kcfs,Outflow,166.263
2001,25-May,BON,outflow,kcfs,Outflow,159.004
2001,26-May,BON,outflow,kcfs,Outflow,143.675
2001,27-May,BON,outflow,kcfs,Outflow,134.279
2001,28-May,BON,outflow,kcfs,Outflow,121.354
2001,29-May,BON,outflow,kcfs,Outflow,152.421
2001,30-May,BON,outflow,kcfs,Outflow,174.917
2001,31-May,BON,outflow,kcfs,Outflow,171.217
2001,1-Jun,BON,outflow,kcfs,Outflow,172.65
2001,20-Apr,JDA,outflow,kcfs,Outflow,111
2001,21-Apr,JDA,outflow,kcfs,Outflow,89.242
2001,22-Apr,JDA,outflow,kcfs,Outflow,86.088
2001,23-Apr,JDA,outflow,kcfs,Outflow,99.654
2001,24-Apr,JDA,outflow,kcfs,Outflow,109.913
2001,25-Apr,JDA,outflow,kcfs,Outflow,119.908
2001,26-Apr,JDA,outflow,kcfs,Outflow,114.771
2001,27-Apr,JDA,outflow,kcfs,Outflow,125.025
2001,28-Apr,JDA,outflow,kcfs,Outflow,94.267
2001,29-Apr,JDA,outflow,kcfs,Outflow,133.458
2001,30-Apr,JDA,outflow,kcfs,Outflow,137.604
2001,1-May,JDA,outflow,kcfs,Outflow,143.854
2001,2-May,JDA,outflow,kcfs,Outflow,159.938
2001,3-May,JDA,outflow,kcfs,Outflow,138.45
2001,4-May,JDA,outflow,kcfs,Outflow,139.363
2001,5-May,JDA,outflow,kcfs,Outflow,127.967
2001,6-May,JDA,outflow,kcfs,Outflow,126.671
2001,7-May,JDA,outflow,kcfs,Outflow,132.571
2001,8-May,JDA,outflow,kcfs,Outflow,116.663
2001,9-May,JDA,outflow,kcfs,Outflow,115.442
2001,10-May,JDA,outflow,kcfs,Outflow,95.029
2001,11-May,JDA,outflow,kcfs,Outflow,118.354
2001,12-May,JDA,outflow,kcfs,Outflow,114.946
2001,13-May,JDA,outflow,kcfs,Outflow,99.875
2001,14-May,JDA,outflow,kcfs,Outflow,117.671
2001,15-May,JDA,outflow,kcfs,Outflow,127.479
2001,16-May,JDA,outflow,kcfs,Outflow,141.129
2001,17-May,JDA,outflow,kcfs,Outflow,171.229
2001,18-May,JDA,outflow,kcfs,Outflow,162.392
2001,19-May,JDA,outflow,kcfs,Outflow,117.913
2001,20-May,JDA,outflow,kcfs,Outflow,120.758
2001,21-May,JDA,outflow,kcfs,Outflow,123.763
2001,22-May,JDA,outflow,kcfs,Outflow,143.979
2001,23-May,JDA,outflow,kcfs,Outflow,161.663
2001,24-May,JDA,outflow,kcfs,Outflow,157.746
2001,25-May,JDA,outflow,kcfs,Outflow,152.033
2001,26-May,JDA,outflow,kcfs,Outflow,134.858
2001,27-May,JDA,outflow,kcfs,Outflow,116.013
2001,28-May,JDA,outflow,kcfs,Outflow,111.817
2001,29-May,JDA,outflow,kcfs,Outflow,153.358
2001,30-May,JDA,outflow,kcfs,Outflow,161.792
2001,31-May,JDA,outflow,kcfs,Outflow,163.783
2001,1-Jun,JDA,outflow,kcfs,Outflow,153.471
2001,20-Apr,TDA,outflow,kcfs,Outflow,113.079
2001,21-Apr,TDA,outflow,kcfs,Outflow,94.963
2001,22-Apr,TDA,outflow,kcfs,Outflow,87.863
2001,23-Apr,TDA,outflow,kcfs,Outflow,100.621
2001,24-Apr,TDA,outflow,kcfs,Outflow,111.708
2001,25-Apr,TDA,outflow,kcfs,Outflow,117.092
2001,26-Apr,TDA,outflow,kcfs,Outflow,119.063
2001,27-Apr,TDA,outflow,kcfs,Outflow,126.575
2001,28-Apr,TDA,outflow,kcfs,Outflow,92.317
2001,29-Apr,TDA,outflow,kcfs,Outflow,136.2
2001,30-Apr,TDA,outflow,kcfs,Outflow,137.246
2001,1-May,TDA,outflow,kcfs,Outflow,146.517
2001,2-May,TDA,outflow,kcfs,Outflow,157.188
2001,3-May,TDA,outflow,kcfs,Outflow,139.796
2001,4-May,TDA,outflow,kcfs,Outflow,137.571
2001,5-May,TDA,outflow,kcfs,Outflow,127.196
2001,6-May,TDA,outflow,kcfs,Outflow,132.838
2001,7-May,TDA,outflow,kcfs,Outflow,130.629
2001,8-May,TDA,outflow,kcfs,Outflow,117.554
2001,9-May,TDA,outflow,kcfs,Outflow,117.063
2001,10-May,TDA,outflow,kcfs,Outflow,100.375
2001,11-May,TDA,outflow,kcfs,Outflow,117.596
2001,12-May,TDA,outflow,kcfs,Outflow,115.625
2001,13-May,TDA,outflow,kcfs,Outflow,100.95
2001,14-May,TDA,outflow,kcfs,Outflow,116.517
2001,15-May,TDA,outflow,kcfs,Outflow,128.913
2001,16-May,TDA,outflow,kcfs,Outflow,140.833
2001,17-May,TDA,outflow,kcfs,Outflow,169.4
2001,18-May,TDA,outflow,kcfs,Outflow,161.154
2001,19-May,TDA,outflow,kcfs,Outflow,118.017
2001,20-May,TDA,outflow,kcfs,Outflow,116.263
2001,21-May,TDA,outflow,kcfs,Outflow,128.888
2001,22-May,TDA,outflow,kcfs,Outflow,140.279
2001,23-May,TDA,outflow,kcfs,Outflow,156.208
2001,24-May,TDA,outflow,kcfs,Outflow,154.846
2001,25-May,TDA,outflow,kcfs,Outflow,145.321
2001,26-May,TDA,outflow,kcfs,Outflow,134.204
2001,27-May,TDA,outflow,kcfs,Outflow,116.85
2001,28-May,TDA,outflow,kcfs,Outflow,109.3
2001,29-May,TDA,outflow,kcfs,Outflow,151.938
2001,30-May,TDA,outflow,kcfs,Outflow,156.317
2001,31-May,TDA,outflow,kcfs,Outflow,163.575
2001,1-Jun,TDA,outflow,kcfs,Outflow,158.558
