year,mm-dd,location,parameter,unit,datatype,value
2017,20-Apr,BON,spill,kcfs,Spill,151.1
2017,21-Apr,BON,spill,kcfs,Spill,173.9
2017,22-Apr,BON,spill,kcfs,Spill,171.7
2017,23-Apr,BON,spill,kcfs,Spill,164.1
2017,24-Apr,BON,spill,kcfs,Spill,156.9
2017,25-Apr,BON,spill,kcfs,Spill,161.4
2017,26-Apr,BON,spill,kcfs,Spill,165.6
2017,27-Apr,BON,spill,kcfs,Spill,166
2017,28-Apr,BON,spill,kcfs,Spill,168.9
2017,29-Apr,BON,spill,kcfs,Spill,169.7
2017,30-Apr,BON,spill,kcfs,Spill,153.1
2017,1-May,BON,spill,kcfs,Spill,141.4
2017,2-May,BON,spill,kcfs,Spill,148.2
2017,3-May,BON,spill,kcfs,Spill,146.6
2017,4-May,BON,spill,kcfs,Spill,134
2017,5-May,BON,spill,kcfs,Spill,139
2017,6-May,BON,spill,kcfs,Spill,180.5
2017,7-May,BON,spill,kcfs,Spill,236
2017,8-May,BON,spill,kcfs,Spill,253.6
2017,9-May,BON,spill,kcfs,Spill,259.1
2017,10-May,BON,spill,kcfs,Spill,251.4
2017,11-May,BON,spill,kcfs,Spill,245.2
2017,12-May,BON,spill,kcfs,Spill,253
2017,13-May,BON,spill,kcfs,Spill,246.3
2017,14-May,BON,spill,kcfs,Spill,239.1
2017,15-May,BON,spill,kcfs,Spill,235
2017,16-May,BON,spill,kcfs,Spill,234.4
2017,17-May,BON,spill,kcfs,Spill,229.4
2017,18-May,BON,spill,kcfs,Spill,231.5
2017,19-May,BON,spill,kcfs,Spill,223.4
2017,20-May,BON,spill,kcfs,Spill,209.6
2017,21-May,BON,spill,kcfs,Spill,205.3
2017,22-May,BON,spill,kcfs,Spill,200.3
2017,23-May,BON,spill,kcfs,Spill,201.9
2017,24-May,BON,spill,kcfs,Spill,213.1
2017,25-May,BON,spill,kcfs,Spill,242
2017,26-May,BON,spill,kcfs,Spill,247.1
2017,27-May,BON,spill,kcfs,Spill,239.9
2017,28-May,BON,spill,kcfs,Spill,230.5
2017,29-May,BON,spill,kcfs,Spill,224.1
2017,30-May,BON,spill,kcfs,Spill,238.4
2017,31-May,BON,spill,kcfs,Spill,265.4
2017,1-Jun,BON,spill,kcfs,Spill,269.7
2017,20-Apr,JDA,spill,kcfs,Spill,130.7
2017,21-Apr,JDA,spill,kcfs,Spill,147.7
2017,22-Apr,JDA,spill,kcfs,Spill,119.8
2017,23-Apr,JDA,spill,kcfs,Spill,106.8
2017,24-Apr,JDA,spill,kcfs,Spill,106.6
2017,25-Apr,JDA,spill,kcfs,Spill,113.5
2017,26-Apr,JDA,spill,kcfs,Spill,130.9
2017,27-Apr,JDA,spill,kcfs,Spill,120.2
2017,28-Apr,JDA,spill,kcfs,Spill,117.5
2017,29-Apr,JDA,spill,kcfs,Spill,123.1
2017,30-Apr,JDA,spill,kcfs,Spill,110.6
2017,1-May,JDA,spill,kcfs,Spill,110.8
2017,2-May,JDA,spill,kcfs,Spill,116
2017,3-May,JDA,spill,kcfs,Spill,116.8
2017,4-May,JDA,spill,kcfs,Spill,115.2
2017,5-May,JDA,spill,kcfs,Spill,120.1
2017,6-May,JDA,spill,kcfs,Spill,138.9
2017,7-May,JDA,spill,kcfs,Spill,178.9
2017,8-May,JDA,spill,kcfs,Spill,199
2017,9-May,JDA,spill,kcfs,Spill,194.9
2017,10-May,JDA,spill,kcfs,Spill,200
2017,11-May,JDA,spill,kcfs,Spill,189.2
2017,12-May,JDA,spill,kcfs,Spill,176.1
2017,13-May,JDA,spill,kcfs,Spill,180.4
2017,14-May,JDA,spill,kcfs,Spill,169.2
2017,15-May,JDA,spill,kcfs,Spill,169
2017,16-May,JDA,spill,kcfs,Spill,159.3
2017,17-May,JDA,spill,kcfs,Spill,164
2017,18-May,JDA,spill,kcfs,Spill,190.1
2017,19-May,JDA,spill,kcfs,Spill,168.3
2017,20-May,JDA,spill,kcfs,Spill,150.2
2017,21-May,JDA,spill,kcfs,Spill,145.8
2017,22-May,JDA,spill,kcfs,Spill,162.7
2017,23-May,JDA,spill,kcfs,Spill,166
2017,24-May,JDA,spill,kcfs,Spill,167.8
2017,25-May,JDA,spill,kcfs,Spill,196.4
2017,26-May,JDA,spill,kcfs,Spill,178.8
2017,27-May,JDA,spill,kcfs,Spill,163.3
2017,28-May,JDA,spill,kcfs,Spill,158
2017,29-May,JDA,spill,kcfs,Spill,160.8
2017,30-May,JDA,spill,kcfs,Spill,169.2
2017,31-May,JDA,spill,kcfs,Spill,184.1
2017,1-Jun,JDA,spill,kcfs,Spill,189.9
2017,20-Apr,TDA,spill,kcfs,Spill,130.6
2017,21-Apr,TDA,spill,kcfs,Spill,200.6
2017,22-Apr,TDA,spill,kcfs,Spill,204.6
2017,23-Apr,TDA,spill,kcfs,Spill,198.9
2017,24-Apr,TDA,spill,kcfs,Spill,188.2
2017,25-Apr,TDA,spill,kcfs,Spill,180.3
2017,26-Apr,TDA,spill,kcfs,Spill,176.3
2017,27-Apr,TDA,spill,kcfs,Spill,172.4
2017,28-Apr,TDA,spill,kcfs,Spill,174.6
2017,29-Apr,TDA,spill,kcfs,Spill,190.8
2017,30-Apr,TDA,spill,kcfs,Spill,149.3
2017,1-May,TDA,spill,kcfs,Spill,142.9
2017,2-May,TDA,spill,kcfs,Spill,164.1
2017,3-May,TDA,spill,kcfs,Spill,139.3
2017,4-May,TDA,spill,kcfs,Spill,129.1
2017,5-May,TDA,spill,kcfs,Spill,141.6
2017,6-May,TDA,spill,kcfs,Spill,192.4
2017,7-May,TDA,spill,kcfs,Spill,292
2017,8-May,TDA,spill,kcfs,Spill,308.6
2017,9-May,TDA,spill,kcfs,Spill,308.9
2017,10-May,TDA,spill,kcfs,Spill,305.1
2017,11-May,TDA,spill,kcfs,Spill,252.5
2017,12-May,TDA,spill,kcfs,Spill,220.4
2017,13-May,TDA,spill,kcfs,Spill,235.7
2017,14-May,TDA,spill,kcfs,Spill,250.5
2017,15-May,TDA,spill,kcfs,Spill,270.7
2017,16-May,TDA,spill,kcfs,Spill,270.5
2017,17-May,TDA,spill,kcfs,Spill,273.1
2017,18-May,TDA,spill,kcfs,Spill,280.7
2017,19-May,TDA,spill,kcfs,Spill,240.7
2017,20-May,TDA,spill,kcfs,Spill,229.4
2017,21-May,TDA,spill,kcfs,Spill,216.1
2017,22-May,TDA,spill,kcfs,Spill,220.9
2017,23-May,TDA,spill,kcfs,Spill,219.3
2017,24-May,TDA,spill,kcfs,Spill,222.5
2017,25-May,TDA,spill,kcfs,Spill,212.3
2017,26-May,TDA,spill,kcfs,Spill,207.2
2017,27-May,TDA,spill,kcfs,Spill,218.5
2017,28-May,TDA,spill,kcfs,Spill,219.7
2017,29-May,TDA,spill,kcfs,Spill,217.7
2017,30-May,TDA,spill,kcfs,Spill,227.9
2017,31-May,TDA,spill,kcfs,Spill,228.7
2017,1-Jun,TDA,spill,kcfs,Spill,230
2016,20-Apr,BON,spill,kcfs,Spill,118.6
2016,21-Apr,BON,spill,kcfs,Spill,106.6
2016,22-Apr,BON,spill,kcfs,Spill,144.8
2016,23-Apr,BON,spill,kcfs,Spill,163.2
2016,24-Apr,BON,spill,kcfs,Spill,159.7
2016,25-Apr,BON,spill,kcfs,Spill,164.5
2016,26-Apr,BON,spill,kcfs,Spill,150.7
2016,27-Apr,BON,spill,kcfs,Spill,120
2016,28-Apr,BON,spill,kcfs,Spill,119.9
2016,29-Apr,BON,spill,kcfs,Spill,118.6
2016,30-Apr,BON,spill,kcfs,Spill,111.3
2016,1-May,BON,spill,kcfs,Spill,100.4
2016,2-May,BON,spill,kcfs,Spill,100.3
2016,3-May,BON,spill,kcfs,Spill,100.1
2016,4-May,BON,spill,kcfs,Spill,101
2016,5-May,BON,spill,kcfs,Spill,101.1
2016,6-May,BON,spill,kcfs,Spill,100.2
2016,7-May,BON,spill,kcfs,Spill,100
2016,8-May,BON,spill,kcfs,Spill,104.2
2016,9-May,BON,spill,kcfs,Spill,106.2
2016,10-May,BON,spill,kcfs,Spill,125.6
2016,11-May,BON,spill,kcfs,Spill,107.3
2016,12-May,BON,spill,kcfs,Spill,100.7
2016,13-May,BON,spill,kcfs,Spill,99.9
2016,14-May,BON,spill,kcfs,Spill,100
2016,15-May,BON,spill,kcfs,Spill,100.8
2016,16-May,BON,spill,kcfs,Spill,100.1
2016,17-May,BON,spill,kcfs,Spill,99.7
2016,18-May,BON,spill,kcfs,Spill,99.6
2016,19-May,BON,spill,kcfs,Spill,99.7
2016,20-May,BON,spill,kcfs,Spill,99.9
2016,21-May,BON,spill,kcfs,Spill,99.5
2016,22-May,BON,spill,kcfs,Spill,100
2016,23-May,BON,spill,kcfs,Spill,100.6
2016,24-May,BON,spill,kcfs,Spill,99.7
2016,25-May,BON,spill,kcfs,Spill,100.2
2016,26-May,BON,spill,kcfs,Spill,100.5
2016,27-May,BON,spill,kcfs,Spill,101.3
2016,28-May,BON,spill,kcfs,Spill,100.9
2016,29-May,BON,spill,kcfs,Spill,100.8
2016,30-May,BON,spill,kcfs,Spill,100.1
2016,31-May,BON,spill,kcfs,Spill,99.7
2016,1-Jun,BON,spill,kcfs,Spill,98.9
2016,20-Apr,JDA,spill,kcfs,Spill,87.7
2016,21-Apr,JDA,spill,kcfs,Spill,91.4
2016,22-Apr,JDA,spill,kcfs,Spill,101.9
2016,23-Apr,JDA,spill,kcfs,Spill,119
2016,24-Apr,JDA,spill,kcfs,Spill,115.9
2016,25-Apr,JDA,spill,kcfs,Spill,102.8
2016,26-Apr,JDA,spill,kcfs,Spill,97.4
2016,27-Apr,JDA,spill,kcfs,Spill,89.7
2016,28-Apr,JDA,spill,kcfs,Spill,93.1
2016,29-Apr,JDA,spill,kcfs,Spill,93.8
2016,30-Apr,JDA,spill,kcfs,Spill,109.6
2016,1-May,JDA,spill,kcfs,Spill,100.5
2016,2-May,JDA,spill,kcfs,Spill,78.1
2016,3-May,JDA,spill,kcfs,Spill,78.7
2016,4-May,JDA,spill,kcfs,Spill,99.6
2016,5-May,JDA,spill,kcfs,Spill,95.2
2016,6-May,JDA,spill,kcfs,Spill,82.6
2016,7-May,JDA,spill,kcfs,Spill,84.5
2016,8-May,JDA,spill,kcfs,Spill,112.4
2016,9-May,JDA,spill,kcfs,Spill,107.4
2016,10-May,JDA,spill,kcfs,Spill,89.2
2016,11-May,JDA,spill,kcfs,Spill,90.9
2016,12-May,JDA,spill,kcfs,Spill,108.7
2016,13-May,JDA,spill,kcfs,Spill,103.8
2016,14-May,JDA,spill,kcfs,Spill,77.1
2016,15-May,JDA,spill,kcfs,Spill,78.4
2016,16-May,JDA,spill,kcfs,Spill,106
2016,17-May,JDA,spill,kcfs,Spill,104.2
2016,18-May,JDA,spill,kcfs,Spill,68.8
2016,19-May,JDA,spill,kcfs,Spill,75.2
2016,20-May,JDA,spill,kcfs,Spill,107.1
2016,21-May,JDA,spill,kcfs,Spill,89.5
2016,22-May,JDA,spill,kcfs,Spill,59.2
2016,23-May,JDA,spill,kcfs,Spill,67.4
2016,24-May,JDA,spill,kcfs,Spill,90.6
2016,25-May,JDA,spill,kcfs,Spill,86.8
2016,26-May,JDA,spill,kcfs,Spill,65.7
2016,27-May,JDA,spill,kcfs,Spill,71.2
2016,28-May,JDA,spill,kcfs,Spill,81.5
2016,29-May,JDA,spill,kcfs,Spill,73.9
2016,30-May,JDA,spill,kcfs,Spill,64.8
2016,31-May,JDA,spill,kcfs,Spill,70.5
2016,1-Jun,JDA,spill,kcfs,Spill,71.7
2016,20-Apr,TDA,spill,kcfs,Spill,110.5
2016,21-Apr,TDA,spill,kcfs,Spill,111.8
2016,22-Apr,TDA,spill,kcfs,Spill,123.3
2016,23-Apr,TDA,spill,kcfs,Spill,112.1
2016,24-Apr,TDA,spill,kcfs,Spill,116.5
2016,25-Apr,TDA,spill,kcfs,Spill,128.1
2016,26-Apr,TDA,spill,kcfs,Spill,123.2
2016,27-Apr,TDA,spill,kcfs,Spill,114.1
2016,28-Apr,TDA,spill,kcfs,Spill,119.3
2016,29-Apr,TDA,spill,kcfs,Spill,111.9
2016,30-Apr,TDA,spill,kcfs,Spill,108
2016,1-May,TDA,spill,kcfs,Spill,103.6
2016,2-May,TDA,spill,kcfs,Spill,99.2
2016,3-May,TDA,spill,kcfs,Spill,94
2016,4-May,TDA,spill,kcfs,Spill,95.7
2016,5-May,TDA,spill,kcfs,Spill,93.5
2016,6-May,TDA,spill,kcfs,Spill,105.3
2016,7-May,TDA,spill,kcfs,Spill,100
2016,8-May,TDA,spill,kcfs,Spill,110.7
2016,9-May,TDA,spill,kcfs,Spill,107
2016,10-May,TDA,spill,kcfs,Spill,113.9
2016,11-May,TDA,spill,kcfs,Spill,108.6
2016,12-May,TDA,spill,kcfs,Spill,104.2
2016,13-May,TDA,spill,kcfs,Spill,103.3
2016,14-May,TDA,spill,kcfs,Spill,94
2016,15-May,TDA,spill,kcfs,Spill,91.8
2016,16-May,TDA,spill,kcfs,Spill,98.6
2016,17-May,TDA,spill,kcfs,Spill,102.1
2016,18-May,TDA,spill,kcfs,Spill,85.6
2016,19-May,TDA,spill,kcfs,Spill,87.6
2016,20-May,TDA,spill,kcfs,Spill,99.1
2016,21-May,TDA,spill,kcfs,Spill,86.9
2016,22-May,TDA,spill,kcfs,Spill,73.6
2016,23-May,TDA,spill,kcfs,Spill,78.4
2016,24-May,TDA,spill,kcfs,Spill,84.7
2016,25-May,TDA,spill,kcfs,Spill,83.4
2016,26-May,TDA,spill,kcfs,Spill,81.1
2016,27-May,TDA,spill,kcfs,Spill,84.6
2016,28-May,TDA,spill,kcfs,Spill,76.1
2016,29-May,TDA,spill,kcfs,Spill,69.9
2016,30-May,TDA,spill,kcfs,Spill,80.5
2016,31-May,TDA,spill,kcfs,Spill,82.8
2016,1-Jun,TDA,spill,kcfs,Spill,65.8
2015,20-Apr,JDA,spill,kcfs,Spill,50
2015,21-Apr,JDA,spill,kcfs,Spill,47.4
2015,22-Apr,JDA,spill,kcfs,Spill,47.8
2015,23-Apr,JDA,spill,kcfs,Spill,50.6
2015,24-Apr,JDA,spill,kcfs,Spill,47.4
2015,25-Apr,JDA,spill,kcfs,Spill,45.2
2015,26-Apr,JDA,spill,kcfs,Spill,46.9
2015,27-Apr,JDA,spill,kcfs,Spill,53.7
2015,28-Apr,JDA,spill,kcfs,Spill,48.1
2015,29-Apr,JDA,spill,kcfs,Spill,47.4
2015,30-Apr,JDA,spill,kcfs,Spill,54.1
2015,1-May,JDA,spill,kcfs,Spill,63.3
2015,2-May,JDA,spill,kcfs,Spill,55.4
2015,3-May,JDA,spill,kcfs,Spill,56.4
2015,4-May,JDA,spill,kcfs,Spill,73.9
2015,5-May,JDA,spill,kcfs,Spill,62.8
2015,6-May,JDA,spill,kcfs,Spill,51.3
2015,7-May,JDA,spill,kcfs,Spill,54.6
2015,8-May,JDA,spill,kcfs,Spill,67.5
2015,9-May,JDA,spill,kcfs,Spill,61.4
2015,10-May,JDA,spill,kcfs,Spill,42.9
2015,11-May,JDA,spill,kcfs,Spill,45
2015,12-May,JDA,spill,kcfs,Spill,65.8
2015,13-May,JDA,spill,kcfs,Spill,71.1
2015,14-May,JDA,spill,kcfs,Spill,57.9
2015,15-May,JDA,spill,kcfs,Spill,62.3
2015,16-May,JDA,spill,kcfs,Spill,71.4
2015,17-May,JDA,spill,kcfs,Spill,64.5
2015,18-May,JDA,spill,kcfs,Spill,61.5
2015,19-May,JDA,spill,kcfs,Spill,63.4
2015,20-May,JDA,spill,kcfs,Spill,77.3
2015,21-May,JDA,spill,kcfs,Spill,80.6
2015,22-May,JDA,spill,kcfs,Spill,60.6
2015,23-May,JDA,spill,kcfs,Spill,64
2015,24-May,JDA,spill,kcfs,Spill,89
2015,25-May,JDA,spill,kcfs,Spill,81.1
2015,26-May,JDA,spill,kcfs,Spill,63.4
2015,27-May,JDA,spill,kcfs,Spill,69.3
2015,28-May,JDA,spill,kcfs,Spill,84.5
2015,29-May,JDA,spill,kcfs,Spill,78.3
2015,30-May,JDA,spill,kcfs,Spill,54.5
2015,31-May,JDA,spill,kcfs,Spill,61.8
2015,1-Jun,JDA,spill,kcfs,Spill,78.5
2015,20-Apr,BON,spill,kcfs,Spill,99.5
2015,21-Apr,BON,spill,kcfs,Spill,99.6
2015,22-Apr,BON,spill,kcfs,Spill,99.9
2015,23-Apr,BON,spill,kcfs,Spill,100.6
2015,24-Apr,BON,spill,kcfs,Spill,100.3
2015,25-Apr,BON,spill,kcfs,Spill,100.1
2015,26-Apr,BON,spill,kcfs,Spill,100.2
2015,27-Apr,BON,spill,kcfs,Spill,99.7
2015,28-Apr,BON,spill,kcfs,Spill,99
2015,29-Apr,BON,spill,kcfs,Spill,99.4
2015,30-Apr,BON,spill,kcfs,Spill,99.2
2015,1-May,BON,spill,kcfs,Spill,100.4
2015,2-May,BON,spill,kcfs,Spill,100.1
2015,3-May,BON,spill,kcfs,Spill,99.3
2015,4-May,BON,spill,kcfs,Spill,99.3
2015,5-May,BON,spill,kcfs,Spill,99.1
2015,6-May,BON,spill,kcfs,Spill,99.2
2015,7-May,BON,spill,kcfs,Spill,99.4
2015,8-May,BON,spill,kcfs,Spill,99.9
2015,9-May,BON,spill,kcfs,Spill,99.9
2015,10-May,BON,spill,kcfs,Spill,100.3
2015,11-May,BON,spill,kcfs,Spill,100.4
2015,12-May,BON,spill,kcfs,Spill,99.7
2015,13-May,BON,spill,kcfs,Spill,99.3
2015,14-May,BON,spill,kcfs,Spill,99.3
2015,15-May,BON,spill,kcfs,Spill,99.4
2015,16-May,BON,spill,kcfs,Spill,100.1
2015,17-May,BON,spill,kcfs,Spill,100.5
2015,18-May,BON,spill,kcfs,Spill,99.5
2015,19-May,BON,spill,kcfs,Spill,99.2
2015,20-May,BON,spill,kcfs,Spill,99.2
2015,21-May,BON,spill,kcfs,Spill,99
2015,22-May,BON,spill,kcfs,Spill,99.2
2015,23-May,BON,spill,kcfs,Spill,99.7
2015,24-May,BON,spill,kcfs,Spill,100.2
2015,25-May,BON,spill,kcfs,Spill,100.3
2015,26-May,BON,spill,kcfs,Spill,99.9
2015,27-May,BON,spill,kcfs,Spill,100.1
2015,28-May,BON,spill,kcfs,Spill,99.5
2015,29-May,BON,spill,kcfs,Spill,99.2
2015,30-May,BON,spill,kcfs,Spill,99.9
2015,31-May,BON,spill,kcfs,Spill,100.4
2015,1-Jun,BON,spill,kcfs,Spill,100
2015,20-Apr,TDA,spill,kcfs,Spill,61.5
2015,21-Apr,TDA,spill,kcfs,Spill,59.2
2015,22-Apr,TDA,spill,kcfs,Spill,56.7
2015,23-Apr,TDA,spill,kcfs,Spill,61.5
2015,24-Apr,TDA,spill,kcfs,Spill,57.4
2015,25-Apr,TDA,spill,kcfs,Spill,55.8
2015,26-Apr,TDA,spill,kcfs,Spill,56.6
2015,27-Apr,TDA,spill,kcfs,Spill,67
2015,28-Apr,TDA,spill,kcfs,Spill,58.6
2015,29-Apr,TDA,spill,kcfs,Spill,54.5
2015,30-Apr,TDA,spill,kcfs,Spill,48.1
2015,1-May,TDA,spill,kcfs,Spill,59.9
2015,2-May,TDA,spill,kcfs,Spill,67
2015,3-May,TDA,spill,kcfs,Spill,65.6
2015,4-May,TDA,spill,kcfs,Spill,65.4
2015,5-May,TDA,spill,kcfs,Spill,59.3
2015,6-May,TDA,spill,kcfs,Spill,63.2
2015,7-May,TDA,spill,kcfs,Spill,63.3
2015,8-May,TDA,spill,kcfs,Spill,61.2
2015,9-May,TDA,spill,kcfs,Spill,58.2
2015,10-May,TDA,spill,kcfs,Spill,53.3
2015,11-May,TDA,spill,kcfs,Spill,51.2
2015,12-May,TDA,spill,kcfs,Spill,60.5
2015,13-May,TDA,spill,kcfs,Spill,68.3
2015,14-May,TDA,spill,kcfs,Spill,70.3
2015,15-May,TDA,spill,kcfs,Spill,74
2015,16-May,TDA,spill,kcfs,Spill,65.1
2015,17-May,TDA,spill,kcfs,Spill,61
2015,18-May,TDA,spill,kcfs,Spill,76.4
2015,19-May,TDA,spill,kcfs,Spill,73.7
2015,20-May,TDA,spill,kcfs,Spill,71.2
2015,21-May,TDA,spill,kcfs,Spill,78.1
2015,22-May,TDA,spill,kcfs,Spill,74.7
2015,23-May,TDA,spill,kcfs,Spill,75.4
2015,24-May,TDA,spill,kcfs,Spill,82.6
2015,25-May,TDA,spill,kcfs,Spill,77.8
2015,26-May,TDA,spill,kcfs,Spill,78.4
2015,27-May,TDA,spill,kcfs,Spill,81
2015,28-May,TDA,spill,kcfs,Spill,79.1
2015,29-May,TDA,spill,kcfs,Spill,74.8
2015,30-May,TDA,spill,kcfs,Spill,66.7
2015,31-May,TDA,spill,kcfs,Spill,71.7
2015,1-Jun,TDA,spill,kcfs,Spill,72.7
2014,20-Apr,BON,spill,kcfs,Spill,100.496
2014,21-Apr,BON,spill,kcfs,Spill,100.438
2014,22-Apr,BON,spill,kcfs,Spill,100.733
2014,23-Apr,BON,spill,kcfs,Spill,100.771
2014,24-Apr,BON,spill,kcfs,Spill,100.517
2014,25-Apr,BON,spill,kcfs,Spill,100.758
2014,26-Apr,BON,spill,kcfs,Spill,101.213
2014,27-Apr,BON,spill,kcfs,Spill,106.708
2014,28-Apr,BON,spill,kcfs,Spill,100.258
2014,29-Apr,BON,spill,kcfs,Spill,101.033
2014,30-Apr,BON,spill,kcfs,Spill,100.804
2014,1-May,BON,spill,kcfs,Spill,100.083
2014,2-May,BON,spill,kcfs,Spill,100.854
2014,3-May,BON,spill,kcfs,Spill,100.596
2014,4-May,BON,spill,kcfs,Spill,100.342
2014,5-May,BON,spill,kcfs,Spill,106.608
2014,6-May,BON,spill,kcfs,Spill,130.379
2014,7-May,BON,spill,kcfs,Spill,105.746
2014,8-May,BON,spill,kcfs,Spill,105.192
2014,9-May,BON,spill,kcfs,Spill,103.683
2014,10-May,BON,spill,kcfs,Spill,99.854
2014,11-May,BON,spill,kcfs,Spill,100.725
2014,12-May,BON,spill,kcfs,Spill,115.554
2014,13-May,BON,spill,kcfs,Spill,114.975
2014,14-May,BON,spill,kcfs,Spill,100.663
2014,15-May,BON,spill,kcfs,Spill,111.813
2014,16-May,BON,spill,kcfs,Spill,103.813
2014,17-May,BON,spill,kcfs,Spill,124.942
2014,18-May,BON,spill,kcfs,Spill,144.967
2014,19-May,BON,spill,kcfs,Spill,155.733
2014,20-May,BON,spill,kcfs,Spill,163.113
2014,21-May,BON,spill,kcfs,Spill,144.071
2014,22-May,BON,spill,kcfs,Spill,128.971
2014,23-May,BON,spill,kcfs,Spill,138.813
2014,24-May,BON,spill,kcfs,Spill,156.975
2014,25-May,BON,spill,kcfs,Spill,162.579
2014,26-May,BON,spill,kcfs,Spill,152.75
2014,27-May,BON,spill,kcfs,Spill,169.621
2014,28-May,BON,spill,kcfs,Spill,169.363
2014,29-May,BON,spill,kcfs,Spill,157.554
2014,30-May,BON,spill,kcfs,Spill,156.817
2014,31-May,BON,spill,kcfs,Spill,135.388
2014,1-Jun,BON,spill,kcfs,Spill,128.288
2014,20-Apr,JDA,spill,kcfs,Spill,78.563
2014,21-Apr,JDA,spill,kcfs,Spill,80.567
2014,22-Apr,JDA,spill,kcfs,Spill,77.029
2014,23-Apr,JDA,spill,kcfs,Spill,89.846
2014,24-Apr,JDA,spill,kcfs,Spill,97.425
2014,25-Apr,JDA,spill,kcfs,Spill,110.038
2014,26-Apr,JDA,spill,kcfs,Spill,103.675
2014,27-Apr,JDA,spill,kcfs,Spill,90.417
2014,28-Apr,JDA,spill,kcfs,Spill,81.946
2014,29-Apr,JDA,spill,kcfs,Spill,86.717
2014,30-Apr,JDA,spill,kcfs,Spill,88.346
2014,1-May,JDA,spill,kcfs,Spill,101.504
2014,2-May,JDA,spill,kcfs,Spill,98.05
2014,3-May,JDA,spill,kcfs,Spill,105.075
2014,4-May,JDA,spill,kcfs,Spill,106.942
2014,5-May,JDA,spill,kcfs,Spill,117.479
2014,6-May,JDA,spill,kcfs,Spill,119.383
2014,7-May,JDA,spill,kcfs,Spill,88.8
2014,8-May,JDA,spill,kcfs,Spill,90.971
2014,9-May,JDA,spill,kcfs,Spill,113.85
2014,10-May,JDA,spill,kcfs,Spill,95.229
2014,11-May,JDA,spill,kcfs,Spill,85.429
2014,12-May,JDA,spill,kcfs,Spill,99.213
2014,13-May,JDA,spill,kcfs,Spill,113.496
2014,14-May,JDA,spill,kcfs,Spill,95.663
2014,15-May,JDA,spill,kcfs,Spill,83.925
2014,16-May,JDA,spill,kcfs,Spill,118.854
2014,17-May,JDA,spill,kcfs,Spill,125.046
2014,18-May,JDA,spill,kcfs,Spill,130.071
2014,19-May,JDA,spill,kcfs,Spill,140.454
2014,20-May,JDA,spill,kcfs,Spill,143.942
2014,21-May,JDA,spill,kcfs,Spill,136.658
2014,22-May,JDA,spill,kcfs,Spill,135.833
2014,23-May,JDA,spill,kcfs,Spill,144.213
2014,24-May,JDA,spill,kcfs,Spill,142.092
2014,25-May,JDA,spill,kcfs,Spill,147.804
2014,26-May,JDA,spill,kcfs,Spill,149.8
2014,27-May,JDA,spill,kcfs,Spill,154.1
2014,28-May,JDA,spill,kcfs,Spill,140.3
2014,29-May,JDA,spill,kcfs,Spill,140.3
2014,30-May,JDA,spill,kcfs,Spill,140.321
2014,31-May,JDA,spill,kcfs,Spill,116.263
2014,1-Jun,JDA,spill,kcfs,Spill,117.35
2014,20-Apr,TDA,spill,kcfs,Spill,100
2014,21-Apr,TDA,spill,kcfs,Spill,92.658
2014,22-Apr,TDA,spill,kcfs,Spill,97.229
2014,23-Apr,TDA,spill,kcfs,Spill,112.975
2014,24-Apr,TDA,spill,kcfs,Spill,119.629
2014,25-Apr,TDA,spill,kcfs,Spill,130.621
2014,26-Apr,TDA,spill,kcfs,Spill,122.554
2014,27-Apr,TDA,spill,kcfs,Spill,101.583
2014,28-Apr,TDA,spill,kcfs,Spill,99.946
2014,29-Apr,TDA,spill,kcfs,Spill,110.588
2014,30-Apr,TDA,spill,kcfs,Spill,103.042
2014,1-May,TDA,spill,kcfs,Spill,95.658
2014,2-May,TDA,spill,kcfs,Spill,94.083
2014,3-May,TDA,spill,kcfs,Spill,97.433
2014,4-May,TDA,spill,kcfs,Spill,97.492
2014,5-May,TDA,spill,kcfs,Spill,96.633
2014,6-May,TDA,spill,kcfs,Spill,94.425
2014,7-May,TDA,spill,kcfs,Spill,94.888
2014,8-May,TDA,spill,kcfs,Spill,97.446
2014,9-May,TDA,spill,kcfs,Spill,101.85
2014,10-May,TDA,spill,kcfs,Spill,92.967
2014,11-May,TDA,spill,kcfs,Spill,107.746
2014,12-May,TDA,spill,kcfs,Spill,109.142
2014,13-May,TDA,spill,kcfs,Spill,106.238
2014,14-May,TDA,spill,kcfs,Spill,96.379
2014,15-May,TDA,spill,kcfs,Spill,96.575
2014,16-May,TDA,spill,kcfs,Spill,94.763
2014,17-May,TDA,spill,kcfs,Spill,96
2014,18-May,TDA,spill,kcfs,Spill,98.45
2014,19-May,TDA,spill,kcfs,Spill,118.571
2014,20-May,TDA,spill,kcfs,Spill,128
2014,21-May,TDA,spill,kcfs,Spill,120.225
2014,22-May,TDA,spill,kcfs,Spill,104.392
2014,23-May,TDA,spill,kcfs,Spill,125.079
2014,24-May,TDA,spill,kcfs,Spill,124.942
2014,25-May,TDA,spill,kcfs,Spill,130.929
2014,26-May,TDA,spill,kcfs,Spill,129.292
2014,27-May,TDA,spill,kcfs,Spill,135.517
2014,28-May,TDA,spill,kcfs,Spill,130.117
2014,29-May,TDA,spill,kcfs,Spill,129.192
2014,30-May,TDA,spill,kcfs,Spill,129.838
2014,31-May,TDA,spill,kcfs,Spill,105.871
2014,1-Jun,TDA,spill,kcfs,Spill,104.783
2013,20-Apr,BON,spill,kcfs,Spill,100.258
2013,21-Apr,BON,spill,kcfs,Spill,100.408
2013,22-Apr,BON,spill,kcfs,Spill,100.379
2013,23-Apr,BON,spill,kcfs,Spill,99.929
2013,24-Apr,BON,spill,kcfs,Spill,99.663
2013,25-Apr,BON,spill,kcfs,Spill,97.554
2013,26-Apr,BON,spill,kcfs,Spill,94.833
2013,27-Apr,BON,spill,kcfs,Spill,92.8
2013,28-Apr,BON,spill,kcfs,Spill,89.642
2013,29-Apr,BON,spill,kcfs,Spill,96.054
2013,30-Apr,BON,spill,kcfs,Spill,99.746
2013,1-May,BON,spill,kcfs,Spill,99.529
2013,2-May,BON,spill,kcfs,Spill,99.567
2013,3-May,BON,spill,kcfs,Spill,99.492
2013,4-May,BON,spill,kcfs,Spill,99.892
2013,5-May,BON,spill,kcfs,Spill,98.646
2013,6-May,BON,spill,kcfs,Spill,97.421
2013,7-May,BON,spill,kcfs,Spill,96.008
2013,8-May,BON,spill,kcfs,Spill,94.646
2013,9-May,BON,spill,kcfs,Spill,97.017
2013,10-May,BON,spill,kcfs,Spill,105.604
2013,11-May,BON,spill,kcfs,Spill,140.454
2013,12-May,BON,spill,kcfs,Spill,142.825
2013,13-May,BON,spill,kcfs,Spill,129.729
2013,14-May,BON,spill,kcfs,Spill,143.621
2013,15-May,BON,spill,kcfs,Spill,145.813
2013,16-May,BON,spill,kcfs,Spill,136.679
2013,17-May,BON,spill,kcfs,Spill,106.475
2013,18-May,BON,spill,kcfs,Spill,119.988
2013,19-May,BON,spill,kcfs,Spill,119.954
2013,20-May,BON,spill,kcfs,Spill,110.033
2013,21-May,BON,spill,kcfs,Spill,99.433
2013,22-May,BON,spill,kcfs,Spill,98.558
2013,23-May,BON,spill,kcfs,Spill,103.279
2013,24-May,BON,spill,kcfs,Spill,98.771
2013,25-May,BON,spill,kcfs,Spill,97.313
2013,26-May,BON,spill,kcfs,Spill,95.479
2013,27-May,BON,spill,kcfs,Spill,94.708
2013,28-May,BON,spill,kcfs,Spill,93.088
2013,29-May,BON,spill,kcfs,Spill,90.425
2013,30-May,BON,spill,kcfs,Spill,93.079
2013,31-May,BON,spill,kcfs,Spill,98.379
2013,1-Jun,BON,spill,kcfs,Spill,99.154
2013,20-Apr,JDA,spill,kcfs,Spill,67.583
2013,21-Apr,JDA,spill,kcfs,Spill,70.879
2013,22-Apr,JDA,spill,kcfs,Spill,75.217
2013,23-Apr,JDA,spill,kcfs,Spill,63.596
2013,24-Apr,JDA,spill,kcfs,Spill,65.229
2013,25-Apr,JDA,spill,kcfs,Spill,64.225
2013,26-Apr,JDA,spill,kcfs,Spill,66.092
2013,27-Apr,JDA,spill,kcfs,Spill,66.913
2013,28-Apr,JDA,spill,kcfs,Spill,66.083
2013,29-Apr,JDA,spill,kcfs,Spill,70.404
2013,30-Apr,JDA,spill,kcfs,Spill,92.129
2013,1-May,JDA,spill,kcfs,Spill,92.633
2013,2-May,JDA,spill,kcfs,Spill,69.529
2013,3-May,JDA,spill,kcfs,Spill,79.171
2013,4-May,JDA,spill,kcfs,Spill,91.867
2013,5-May,JDA,spill,kcfs,Spill,79.963
2013,6-May,JDA,spill,kcfs,Spill,66.513
2013,7-May,JDA,spill,kcfs,Spill,74.142
2013,8-May,JDA,spill,kcfs,Spill,108.496
2013,9-May,JDA,spill,kcfs,Spill,102.621
2013,10-May,JDA,spill,kcfs,Spill,120.933
2013,11-May,JDA,spill,kcfs,Spill,136.325
2013,12-May,JDA,spill,kcfs,Spill,137.05
2013,13-May,JDA,spill,kcfs,Spill,132.954
2013,14-May,JDA,spill,kcfs,Spill,139.938
2013,15-May,JDA,spill,kcfs,Spill,139.9
2013,16-May,JDA,spill,kcfs,Spill,136.917
2013,17-May,JDA,spill,kcfs,Spill,136.271
2013,18-May,JDA,spill,kcfs,Spill,133.292
2013,19-May,JDA,spill,kcfs,Spill,131.475
2013,20-May,JDA,spill,kcfs,Spill,144.254
2013,21-May,JDA,spill,kcfs,Spill,138.775
2013,22-May,JDA,spill,kcfs,Spill,93.6
2013,23-May,JDA,spill,kcfs,Spill,105.379
2013,24-May,JDA,spill,kcfs,Spill,116.796
2013,25-May,JDA,spill,kcfs,Spill,111.767
2013,26-May,JDA,spill,kcfs,Spill,89.838
2013,27-May,JDA,spill,kcfs,Spill,96.254
2013,28-May,JDA,spill,kcfs,Spill,118.296
2013,29-May,JDA,spill,kcfs,Spill,103.425
2013,30-May,JDA,spill,kcfs,Spill,75.842
2013,31-May,JDA,spill,kcfs,Spill,82.138
2013,1-Jun,JDA,spill,kcfs,Spill,98.471
2013,20-Apr,TDA,spill,kcfs,Spill,84.446
2013,21-Apr,TDA,spill,kcfs,Spill,86.858
2013,22-Apr,TDA,spill,kcfs,Spill,92.896
2013,23-Apr,TDA,spill,kcfs,Spill,80.271
2013,24-Apr,TDA,spill,kcfs,Spill,79.5
2013,25-Apr,TDA,spill,kcfs,Spill,78.133
2013,26-Apr,TDA,spill,kcfs,Spill,76.092
2013,27-Apr,TDA,spill,kcfs,Spill,76.213
2013,28-Apr,TDA,spill,kcfs,Spill,80.683
2013,29-Apr,TDA,spill,kcfs,Spill,81.225
2013,30-Apr,TDA,spill,kcfs,Spill,83.104
2013,1-May,TDA,spill,kcfs,Spill,91.013
2013,2-May,TDA,spill,kcfs,Spill,84.1
2013,3-May,TDA,spill,kcfs,Spill,90.404
2013,4-May,TDA,spill,kcfs,Spill,84.871
2013,5-May,TDA,spill,kcfs,Spill,78.575
2013,6-May,TDA,spill,kcfs,Spill,82.104
2013,7-May,TDA,spill,kcfs,Spill,89.046
2013,8-May,TDA,spill,kcfs,Spill,92.979
2013,9-May,TDA,spill,kcfs,Spill,98.508
2013,10-May,TDA,spill,kcfs,Spill,112.025
2013,11-May,TDA,spill,kcfs,Spill,119.642
2013,12-May,TDA,spill,kcfs,Spill,105.725
2013,13-May,TDA,spill,kcfs,Spill,104.475
2013,14-May,TDA,spill,kcfs,Spill,130.721
2013,15-May,TDA,spill,kcfs,Spill,125.746
2013,16-May,TDA,spill,kcfs,Spill,111.404
2013,17-May,TDA,spill,kcfs,Spill,111.333
2013,18-May,TDA,spill,kcfs,Spill,114.192
2013,19-May,TDA,spill,kcfs,Spill,117
2013,20-May,TDA,spill,kcfs,Spill,116.971
2013,21-May,TDA,spill,kcfs,Spill,108.913
2013,22-May,TDA,spill,kcfs,Spill,105.267
2013,23-May,TDA,spill,kcfs,Spill,118.858
2013,24-May,TDA,spill,kcfs,Spill,110.725
2013,25-May,TDA,spill,kcfs,Spill,110.063
2013,26-May,TDA,spill,kcfs,Spill,112.942
2013,27-May,TDA,spill,kcfs,Spill,112.096
2013,28-May,TDA,spill,kcfs,Spill,109.413
2013,29-May,TDA,spill,kcfs,Spill,102.863
2013,30-May,TDA,spill,kcfs,Spill,95.663
2013,31-May,TDA,spill,kcfs,Spill,96.079
2013,1-Jun,TDA,spill,kcfs,Spill,93.233
2012,20-Apr,BON,spill,kcfs,Spill,95.375
2012,21-Apr,BON,spill,kcfs,Spill,94.958
2012,22-Apr,BON,spill,kcfs,Spill,106.025
2012,23-Apr,BON,spill,kcfs,Spill,133.275
2012,24-Apr,BON,spill,kcfs,Spill,137.713
2012,25-Apr,BON,spill,kcfs,Spill,162.629
2012,26-Apr,BON,spill,kcfs,Spill,229.058
2012,27-Apr,BON,spill,kcfs,Spill,211.938
2012,28-Apr,BON,spill,kcfs,Spill,219.771
2012,29-Apr,BON,spill,kcfs,Spill,210.196
2012,30-Apr,BON,spill,kcfs,Spill,180.525
2012,1-May,BON,spill,kcfs,Spill,167.629
2012,2-May,BON,spill,kcfs,Spill,186.271
2012,3-May,BON,spill,kcfs,Spill,176.492
2012,4-May,BON,spill,kcfs,Spill,191.367
2012,5-May,BON,spill,kcfs,Spill,168.238
2012,6-May,BON,spill,kcfs,Spill,173.396
2012,7-May,BON,spill,kcfs,Spill,154.304
2012,8-May,BON,spill,kcfs,Spill,126.983
2012,9-May,BON,spill,kcfs,Spill,114.004
2012,10-May,BON,spill,kcfs,Spill,129.221
2012,11-May,BON,spill,kcfs,Spill,120.146
2012,12-May,BON,spill,kcfs,Spill,134.283
2012,13-May,BON,spill,kcfs,Spill,116.263
2012,14-May,BON,spill,kcfs,Spill,101.217
2012,15-May,BON,spill,kcfs,Spill,123.983
2012,16-May,BON,spill,kcfs,Spill,112.642
2012,17-May,BON,spill,kcfs,Spill,113.008
2012,18-May,BON,spill,kcfs,Spill,141.513
2012,19-May,BON,spill,kcfs,Spill,155.5
2012,20-May,BON,spill,kcfs,Spill,140.058
2012,21-May,BON,spill,kcfs,Spill,143.471
2012,22-May,BON,spill,kcfs,Spill,129.163
2012,23-May,BON,spill,kcfs,Spill,148.271
2012,24-May,BON,spill,kcfs,Spill,143.796
2012,25-May,BON,spill,kcfs,Spill,126.379
2012,26-May,BON,spill,kcfs,Spill,133.667
2012,27-May,BON,spill,kcfs,Spill,99.575
2012,28-May,BON,spill,kcfs,Spill,99.625
2012,29-May,BON,spill,kcfs,Spill,99.546
2012,30-May,BON,spill,kcfs,Spill,99.433
2012,31-May,BON,spill,kcfs,Spill,97.596
2012,1-Jun,BON,spill,kcfs,Spill,95.333
2012,20-Apr,JDA,spill,kcfs,Spill,110.721
2012,21-Apr,JDA,spill,kcfs,Spill,93.117
2012,22-Apr,JDA,spill,kcfs,Spill,97.575
2012,23-Apr,JDA,spill,kcfs,Spill,142.829
2012,24-Apr,JDA,spill,kcfs,Spill,151.942
2012,25-Apr,JDA,spill,kcfs,Spill,146.163
2012,26-Apr,JDA,spill,kcfs,Spill,157.871
2012,27-Apr,JDA,spill,kcfs,Spill,154.375
2012,28-Apr,JDA,spill,kcfs,Spill,159.204
2012,29-Apr,JDA,spill,kcfs,Spill,147.671
2012,30-Apr,JDA,spill,kcfs,Spill,145.517
2012,1-May,JDA,spill,kcfs,Spill,175.417
2012,2-May,JDA,spill,kcfs,Spill,176.825
2012,3-May,JDA,spill,kcfs,Spill,173.838
2012,4-May,JDA,spill,kcfs,Spill,166.017
2012,5-May,JDA,spill,kcfs,Spill,161.271
2012,6-May,JDA,spill,kcfs,Spill,152.404
2012,7-May,JDA,spill,kcfs,Spill,144.338
2012,8-May,JDA,spill,kcfs,Spill,131.763
2012,9-May,JDA,spill,kcfs,Spill,140.521
2012,10-May,JDA,spill,kcfs,Spill,137.438
2012,11-May,JDA,spill,kcfs,Spill,132.575
2012,12-May,JDA,spill,kcfs,Spill,109.854
2012,13-May,JDA,spill,kcfs,Spill,99.179
2012,14-May,JDA,spill,kcfs,Spill,118.754
2012,15-May,JDA,spill,kcfs,Spill,128.142
2012,16-May,JDA,spill,kcfs,Spill,102.413
2012,17-May,JDA,spill,kcfs,Spill,126.896
2012,18-May,JDA,spill,kcfs,Spill,148.733
2012,19-May,JDA,spill,kcfs,Spill,140.371
2012,20-May,JDA,spill,kcfs,Spill,118.875
2012,21-May,JDA,spill,kcfs,Spill,120.975
2012,22-May,JDA,spill,kcfs,Spill,136.879
2012,23-May,JDA,spill,kcfs,Spill,140.838
2012,24-May,JDA,spill,kcfs,Spill,132.617
2012,25-May,JDA,spill,kcfs,Spill,111.133
2012,26-May,JDA,spill,kcfs,Spill,131.963
2012,27-May,JDA,spill,kcfs,Spill,122.179
2012,28-May,JDA,spill,kcfs,Spill,94.596
2012,29-May,JDA,spill,kcfs,Spill,92.617
2012,30-May,JDA,spill,kcfs,Spill,124.204
2012,31-May,JDA,spill,kcfs,Spill,106.742
2012,1-Jun,JDA,spill,kcfs,Spill,83.879
2012,20-Apr,TDA,spill,kcfs,Spill,106.138
2012,21-Apr,TDA,spill,kcfs,Spill,100.342
2012,22-Apr,TDA,spill,kcfs,Spill,100.696
2012,23-Apr,TDA,spill,kcfs,Spill,120.133
2012,24-Apr,TDA,spill,kcfs,Spill,147.479
2012,25-Apr,TDA,spill,kcfs,Spill,196.683
2012,26-Apr,TDA,spill,kcfs,Spill,184.775
2012,27-Apr,TDA,spill,kcfs,Spill,149.946
2012,28-Apr,TDA,spill,kcfs,Spill,166.242
2012,29-Apr,TDA,spill,kcfs,Spill,140.288
2012,30-Apr,TDA,spill,kcfs,Spill,174.583
2012,1-May,TDA,spill,kcfs,Spill,204.15
2012,2-May,TDA,spill,kcfs,Spill,201.221
2012,3-May,TDA,spill,kcfs,Spill,196.446
2012,4-May,TDA,spill,kcfs,Spill,167.45
2012,5-May,TDA,spill,kcfs,Spill,161.217
2012,6-May,TDA,spill,kcfs,Spill,145.271
2012,7-May,TDA,spill,kcfs,Spill,145.621
2012,8-May,TDA,spill,kcfs,Spill,104.729
2012,9-May,TDA,spill,kcfs,Spill,163.488
2012,10-May,TDA,spill,kcfs,Spill,139.146
2012,11-May,TDA,spill,kcfs,Spill,110.742
2012,12-May,TDA,spill,kcfs,Spill,110.679
2012,13-May,TDA,spill,kcfs,Spill,99.663
2012,14-May,TDA,spill,kcfs,Spill,99.508
2012,15-May,TDA,spill,kcfs,Spill,95.233
2012,16-May,TDA,spill,kcfs,Spill,106.8
2012,17-May,TDA,spill,kcfs,Spill,139.3
2012,18-May,TDA,spill,kcfs,Spill,133.471
2012,19-May,TDA,spill,kcfs,Spill,134.742
2012,20-May,TDA,spill,kcfs,Spill,105.646
2012,21-May,TDA,spill,kcfs,Spill,98.483
2012,22-May,TDA,spill,kcfs,Spill,113.325
2012,23-May,TDA,spill,kcfs,Spill,149.529
2012,24-May,TDA,spill,kcfs,Spill,121.175
2012,25-May,TDA,spill,kcfs,Spill,111.225
2012,26-May,TDA,spill,kcfs,Spill,111.992
2012,27-May,TDA,spill,kcfs,Spill,114.404
2012,28-May,TDA,spill,kcfs,Spill,119.579
2012,29-May,TDA,spill,kcfs,Spill,108.833
2012,30-May,TDA,spill,kcfs,Spill,119.15
2012,31-May,TDA,spill,kcfs,Spill,105.108
2012,1-Jun,TDA,spill,kcfs,Spill,104.063
2011,20-Apr,BON,spill,kcfs,Spill,99.579
2011,21-Apr,BON,spill,kcfs,Spill,99.821
2011,22-Apr,BON,spill,kcfs,Spill,99.754
2011,23-Apr,BON,spill,kcfs,Spill,99.675
2011,24-Apr,BON,spill,kcfs,Spill,99.617
2011,25-Apr,BON,spill,kcfs,Spill,99.633
2011,26-Apr,BON,spill,kcfs,Spill,99.679
2011,27-Apr,BON,spill,kcfs,Spill,99.667
2011,28-Apr,BON,spill,kcfs,Spill,99.767
2011,29-Apr,BON,spill,kcfs,Spill,99.471
2011,30-Apr,BON,spill,kcfs,Spill,99.554
2011,1-May,BON,spill,kcfs,Spill,99.579
2011,2-May,BON,spill,kcfs,Spill,99.592
2011,3-May,BON,spill,kcfs,Spill,99.625
2011,4-May,BON,spill,kcfs,Spill,99.525
2011,5-May,BON,spill,kcfs,Spill,99.346
2011,6-May,BON,spill,kcfs,Spill,99.163
2011,7-May,BON,spill,kcfs,Spill,99.646
2011,8-May,BON,spill,kcfs,Spill,99.617
2011,9-May,BON,spill,kcfs,Spill,99.471
2011,10-May,BON,spill,kcfs,Spill,99.513
2011,11-May,BON,spill,kcfs,Spill,99.742
2011,12-May,BON,spill,kcfs,Spill,99.596
2011,13-May,BON,spill,kcfs,Spill,102.917
2011,14-May,BON,spill,kcfs,Spill,129.2
2011,15-May,BON,spill,kcfs,Spill,155.954
2011,16-May,BON,spill,kcfs,Spill,214.721
2011,17-May,BON,spill,kcfs,Spill,234.729
2011,18-May,BON,spill,kcfs,Spill,241.338
2011,19-May,BON,spill,kcfs,Spill,248.95
2011,20-May,BON,spill,kcfs,Spill,253.879
2011,21-May,BON,spill,kcfs,Spill,258.571
2011,22-May,BON,spill,kcfs,Spill,254.629
2011,23-May,BON,spill,kcfs,Spill,265.242
2011,24-May,BON,spill,kcfs,Spill,268.675
2011,25-May,BON,spill,kcfs,Spill,275.225
2011,26-May,BON,spill,kcfs,Spill,274.4
2011,27-May,BON,spill,kcfs,Spill,280.142
2011,28-May,BON,spill,kcfs,Spill,275.008
2011,29-May,BON,spill,kcfs,Spill,283.463
2011,30-May,BON,spill,kcfs,Spill,293.254
2011,31-May,BON,spill,kcfs,Spill,292.946
2011,1-Jun,BON,spill,kcfs,Spill,289.846
2011,20-Apr,JDA,spill,kcfs,Spill,84.229
2011,21-Apr,JDA,spill,kcfs,Spill,84.967
2011,22-Apr,JDA,spill,kcfs,Spill,88.238
2011,23-Apr,JDA,spill,kcfs,Spill,78.788
2011,24-Apr,JDA,spill,kcfs,Spill,76.929
2011,25-Apr,JDA,spill,kcfs,Spill,79.375
2011,26-Apr,JDA,spill,kcfs,Spill,74.408
2011,27-Apr,JDA,spill,kcfs,Spill,85.5
2011,28-Apr,JDA,spill,kcfs,Spill,107.913
2011,29-Apr,JDA,spill,kcfs,Spill,91.571
2011,30-Apr,JDA,spill,kcfs,Spill,69.038
2011,1-May,JDA,spill,kcfs,Spill,84.438
2011,2-May,JDA,spill,kcfs,Spill,100.192
2011,3-May,JDA,spill,kcfs,Spill,99.2
2011,4-May,JDA,spill,kcfs,Spill,78.65
2011,5-May,JDA,spill,kcfs,Spill,77.275
2011,6-May,JDA,spill,kcfs,Spill,103.896
2011,7-May,JDA,spill,kcfs,Spill,93.663
2011,8-May,JDA,spill,kcfs,Spill,75.092
2011,9-May,JDA,spill,kcfs,Spill,88.921
2011,10-May,JDA,spill,kcfs,Spill,117.558
2011,11-May,JDA,spill,kcfs,Spill,98.104
2011,12-May,JDA,spill,kcfs,Spill,88.221
2011,13-May,JDA,spill,kcfs,Spill,103.679
2011,14-May,JDA,spill,kcfs,Spill,105.308
2011,15-May,JDA,spill,kcfs,Spill,122.604
2011,16-May,JDA,spill,kcfs,Spill,148.671
2011,17-May,JDA,spill,kcfs,Spill,170.221
2011,18-May,JDA,spill,kcfs,Spill,187.058
2011,19-May,JDA,spill,kcfs,Spill,201.525
2011,20-May,JDA,spill,kcfs,Spill,186.879
2011,21-May,JDA,spill,kcfs,Spill,194.708
2011,22-May,JDA,spill,kcfs,Spill,193.796
2011,23-May,JDA,spill,kcfs,Spill,214.896
2011,24-May,JDA,spill,kcfs,Spill,219.983
2011,25-May,JDA,spill,kcfs,Spill,200.163
2011,26-May,JDA,spill,kcfs,Spill,205.654
2011,27-May,JDA,spill,kcfs,Spill,217.346
2011,28-May,JDA,spill,kcfs,Spill,223.304
2011,29-May,JDA,spill,kcfs,Spill,236.55
2011,30-May,JDA,spill,kcfs,Spill,233.621
2011,31-May,JDA,spill,kcfs,Spill,234.975
2011,1-Jun,JDA,spill,kcfs,Spill,235.721
2011,20-Apr,TDA,spill,kcfs,Spill,108.471
2011,21-Apr,TDA,spill,kcfs,Spill,108.088
2011,22-Apr,TDA,spill,kcfs,Spill,113.146
2011,23-Apr,TDA,spill,kcfs,Spill,102.292
2011,24-Apr,TDA,spill,kcfs,Spill,97.463
2011,25-Apr,TDA,spill,kcfs,Spill,101.296
2011,26-Apr,TDA,spill,kcfs,Spill,93.954
2011,27-Apr,TDA,spill,kcfs,Spill,104.729
2011,28-Apr,TDA,spill,kcfs,Spill,103.308
2011,29-Apr,TDA,spill,kcfs,Spill,90.517
2011,30-Apr,TDA,spill,kcfs,Spill,87.829
2011,1-May,TDA,spill,kcfs,Spill,102.742
2011,2-May,TDA,spill,kcfs,Spill,96.721
2011,3-May,TDA,spill,kcfs,Spill,98.742
2011,4-May,TDA,spill,kcfs,Spill,99.879
2011,5-May,TDA,spill,kcfs,Spill,92.104
2011,6-May,TDA,spill,kcfs,Spill,102.017
2011,7-May,TDA,spill,kcfs,Spill,92.338
2011,8-May,TDA,spill,kcfs,Spill,95.55
2011,9-May,TDA,spill,kcfs,Spill,107.275
2011,10-May,TDA,spill,kcfs,Spill,111.996
2011,11-May,TDA,spill,kcfs,Spill,97.758
2011,12-May,TDA,spill,kcfs,Spill,108.283
2011,13-May,TDA,spill,kcfs,Spill,130.504
2011,14-May,TDA,spill,kcfs,Spill,130.733
2011,15-May,TDA,spill,kcfs,Spill,134.133
2011,16-May,TDA,spill,kcfs,Spill,163.875
2011,17-May,TDA,spill,kcfs,Spill,192.896
2011,18-May,TDA,spill,kcfs,Spill,201.233
2011,19-May,TDA,spill,kcfs,Spill,203.925
2011,20-May,TDA,spill,kcfs,Spill,200.45
2011,21-May,TDA,spill,kcfs,Spill,215.358
2011,22-May,TDA,spill,kcfs,Spill,197.125
2011,23-May,TDA,spill,kcfs,Spill,209.508
2011,24-May,TDA,spill,kcfs,Spill,214.225
2011,25-May,TDA,spill,kcfs,Spill,215.292
2011,26-May,TDA,spill,kcfs,Spill,209.863
2011,27-May,TDA,spill,kcfs,Spill,228.517
2011,28-May,TDA,spill,kcfs,Spill,234.888
2011,29-May,TDA,spill,kcfs,Spill,243.829
2011,30-May,TDA,spill,kcfs,Spill,247.442
2011,31-May,TDA,spill,kcfs,Spill,243.771
2011,1-Jun,TDA,spill,kcfs,Spill,233.363
2010,20-Apr,BON,spill,kcfs,Spill,74.25
2010,21-Apr,BON,spill,kcfs,Spill,80.954
2010,22-Apr,BON,spill,kcfs,Spill,95.592
2010,23-Apr,BON,spill,kcfs,Spill,99.596
2010,24-Apr,BON,spill,kcfs,Spill,99.529
2010,25-Apr,BON,spill,kcfs,Spill,99.192
2010,26-Apr,BON,spill,kcfs,Spill,99.313
2010,27-Apr,BON,spill,kcfs,Spill,99.329
2010,28-Apr,BON,spill,kcfs,Spill,99.438
2010,29-Apr,BON,spill,kcfs,Spill,99.475
2010,30-Apr,BON,spill,kcfs,Spill,99.338
2010,1-May,BON,spill,kcfs,Spill,99.5
2010,2-May,BON,spill,kcfs,Spill,99.667
2010,3-May,BON,spill,kcfs,Spill,99.504
2010,4-May,BON,spill,kcfs,Spill,99.513
2010,5-May,BON,spill,kcfs,Spill,99.633
2010,6-May,BON,spill,kcfs,Spill,99.133
2010,7-May,BON,spill,kcfs,Spill,94.167
2010,8-May,BON,spill,kcfs,Spill,89.129
2010,9-May,BON,spill,kcfs,Spill,82.808
2010,10-May,BON,spill,kcfs,Spill,77.321
2010,11-May,BON,spill,kcfs,Spill,74.396
2010,12-May,BON,spill,kcfs,Spill,81.304
2010,13-May,BON,spill,kcfs,Spill,89.508
2010,14-May,BON,spill,kcfs,Spill,89.429
2010,15-May,BON,spill,kcfs,Spill,86.963
2010,16-May,BON,spill,kcfs,Spill,84.363
2010,17-May,BON,spill,kcfs,Spill,80.646
2010,18-May,BON,spill,kcfs,Spill,74.592
2010,19-May,BON,spill,kcfs,Spill,79.975
2010,20-May,BON,spill,kcfs,Spill,90.825
2010,21-May,BON,spill,kcfs,Spill,99.246
2010,22-May,BON,spill,kcfs,Spill,99.458
2010,23-May,BON,spill,kcfs,Spill,99.408
2010,24-May,BON,spill,kcfs,Spill,99.546
2010,25-May,BON,spill,kcfs,Spill,99.375
2010,26-May,BON,spill,kcfs,Spill,99.313
2010,27-May,BON,spill,kcfs,Spill,99.383
2010,28-May,BON,spill,kcfs,Spill,99.554
2010,29-May,BON,spill,kcfs,Spill,99.554
2010,30-May,BON,spill,kcfs,Spill,99.625
2010,31-May,BON,spill,kcfs,Spill,99.592
2010,1-Jun,BON,spill,kcfs,Spill,99.592
2010,20-Apr,JDA,spill,kcfs,Spill,40.338
2010,21-Apr,JDA,spill,kcfs,Spill,44.825
2010,22-Apr,JDA,spill,kcfs,Spill,51.517
2010,23-Apr,JDA,spill,kcfs,Spill,61.096
2010,24-Apr,JDA,spill,kcfs,Spill,51.642
2010,25-Apr,JDA,spill,kcfs,Spill,56.767
2010,26-Apr,JDA,spill,kcfs,Spill,52.838
2010,27-Apr,JDA,spill,kcfs,Spill,52.758
2010,28-Apr,JDA,spill,kcfs,Spill,48.704
2010,29-Apr,JDA,spill,kcfs,Spill,50.129
2010,30-Apr,JDA,spill,kcfs,Spill,60.725
2010,1-May,JDA,spill,kcfs,Spill,72.088
2010,2-May,JDA,spill,kcfs,Spill,69.508
2010,3-May,JDA,spill,kcfs,Spill,70.8
2010,4-May,JDA,spill,kcfs,Spill,59.063
2010,5-May,JDA,spill,kcfs,Spill,56.421
2010,6-May,JDA,spill,kcfs,Spill,61.429
2010,7-May,JDA,spill,kcfs,Spill,77.617
2010,8-May,JDA,spill,kcfs,Spill,52.671
2010,9-May,JDA,spill,kcfs,Spill,52.663
2010,10-May,JDA,spill,kcfs,Spill,54.446
2010,11-May,JDA,spill,kcfs,Spill,46.108
2010,12-May,JDA,spill,kcfs,Spill,75.858
2010,13-May,JDA,spill,kcfs,Spill,82.583
2010,14-May,JDA,spill,kcfs,Spill,75.763
2010,15-May,JDA,spill,kcfs,Spill,69.4
2010,16-May,JDA,spill,kcfs,Spill,58.517
2010,17-May,JDA,spill,kcfs,Spill,61.358
2010,18-May,JDA,spill,kcfs,Spill,75.633
2010,19-May,JDA,spill,kcfs,Spill,98.192
2010,20-May,JDA,spill,kcfs,Spill,88.375
2010,21-May,JDA,spill,kcfs,Spill,109.904
2010,22-May,JDA,spill,kcfs,Spill,79.183
2010,23-May,JDA,spill,kcfs,Spill,64.783
2010,24-May,JDA,spill,kcfs,Spill,74.663
2010,25-May,JDA,spill,kcfs,Spill,67.554
2010,26-May,JDA,spill,kcfs,Spill,62.8
2010,27-May,JDA,spill,kcfs,Spill,65.596
2010,28-May,JDA,spill,kcfs,Spill,68.454
2010,29-May,JDA,spill,kcfs,Spill,66.55
2010,30-May,JDA,spill,kcfs,Spill,72.921
2010,31-May,JDA,spill,kcfs,Spill,59.3
2010,1-Jun,JDA,spill,kcfs,Spill,78.863
2010,20-Apr,TDA,spill,kcfs,Spill,51.588
2010,21-Apr,TDA,spill,kcfs,Spill,56.292
2010,22-Apr,TDA,spill,kcfs,Spill,64.933
2010,23-Apr,TDA,spill,kcfs,Spill,77.625
2010,24-Apr,TDA,spill,kcfs,Spill,65.563
2010,25-Apr,TDA,spill,kcfs,Spill,72.354
2010,26-Apr,TDA,spill,kcfs,Spill,67.204
2010,27-Apr,TDA,spill,kcfs,Spill,67.375
2010,28-Apr,TDA,spill,kcfs,Spill,60.846
2010,29-Apr,TDA,spill,kcfs,Spill,62.221
2010,30-Apr,TDA,spill,kcfs,Spill,61.113
2010,1-May,TDA,spill,kcfs,Spill,67.508
2010,2-May,TDA,spill,kcfs,Spill,65.742
2010,3-May,TDA,spill,kcfs,Spill,67.308
2010,4-May,TDA,spill,kcfs,Spill,70.533
2010,5-May,TDA,spill,kcfs,Spill,70.871
2010,6-May,TDA,spill,kcfs,Spill,60.058
2010,7-May,TDA,spill,kcfs,Spill,73.008
2010,8-May,TDA,spill,kcfs,Spill,62.008
2010,9-May,TDA,spill,kcfs,Spill,65.408
2010,10-May,TDA,spill,kcfs,Spill,67.717
2010,11-May,TDA,spill,kcfs,Spill,57.271
2010,12-May,TDA,spill,kcfs,Spill,74.483
2010,13-May,TDA,spill,kcfs,Spill,78.571
2010,14-May,TDA,spill,kcfs,Spill,71.079
2010,15-May,TDA,spill,kcfs,Spill,64.479
2010,16-May,TDA,spill,kcfs,Spill,67.988
2010,17-May,TDA,spill,kcfs,Spill,77.242
2010,18-May,TDA,spill,kcfs,Spill,73.325
2010,19-May,TDA,spill,kcfs,Spill,89.583
2010,20-May,TDA,spill,kcfs,Spill,83.417
2010,21-May,TDA,spill,kcfs,Spill,102.283
2010,22-May,TDA,spill,kcfs,Spill,91.25
2010,23-May,TDA,spill,kcfs,Spill,83.154
2010,24-May,TDA,spill,kcfs,Spill,92.908
2010,25-May,TDA,spill,kcfs,Spill,85.429
2010,26-May,TDA,spill,kcfs,Spill,78.213
2010,27-May,TDA,spill,kcfs,Spill,81.717
2010,28-May,TDA,spill,kcfs,Spill,67.117
2010,29-May,TDA,spill,kcfs,Spill,61.104
2010,30-May,TDA,spill,kcfs,Spill,85.579
2010,31-May,TDA,spill,kcfs,Spill,74.679
2010,1-Jun,TDA,spill,kcfs,Spill,79.567
2009,20-Apr,BON,spill,kcfs,Spill,96.313
2009,21-Apr,BON,spill,kcfs,Spill,94.533
2009,22-Apr,BON,spill,kcfs,Spill,91.004
2009,23-Apr,BON,spill,kcfs,Spill,90.096
2009,24-Apr,BON,spill,kcfs,Spill,108.363
2009,25-Apr,BON,spill,kcfs,Spill,108.204
2009,26-Apr,BON,spill,kcfs,Spill,94.588
2009,27-Apr,BON,spill,kcfs,Spill,99.821
2009,28-Apr,BON,spill,kcfs,Spill,96.667
2009,29-Apr,BON,spill,kcfs,Spill,99.558
2009,30-Apr,BON,spill,kcfs,Spill,100.775
2009,1-May,BON,spill,kcfs,Spill,101.333
2009,2-May,BON,spill,kcfs,Spill,101.35
2009,3-May,BON,spill,kcfs,Spill,101.3
2009,4-May,BON,spill,kcfs,Spill,97.525
2009,5-May,BON,spill,kcfs,Spill,96.463
2009,6-May,BON,spill,kcfs,Spill,101.171
2009,7-May,BON,spill,kcfs,Spill,100.904
2009,8-May,BON,spill,kcfs,Spill,99.533
2009,9-May,BON,spill,kcfs,Spill,97.635
2009,10-May,BON,spill,kcfs,Spill,94.708
2009,11-May,BON,spill,kcfs,Spill,91.596
2009,12-May,BON,spill,kcfs,Spill,94.588
2009,13-May,BON,spill,kcfs,Spill,100.496
2009,14-May,BON,spill,kcfs,Spill,99.913
2009,15-May,BON,spill,kcfs,Spill,99.696
2009,16-May,BON,spill,kcfs,Spill,96.275
2009,17-May,BON,spill,kcfs,Spill,92.188
2009,18-May,BON,spill,kcfs,Spill,84.867
2009,19-May,BON,spill,kcfs,Spill,91.675
2009,20-May,BON,spill,kcfs,Spill,119.375
2009,21-May,BON,spill,kcfs,Spill,131.308
2009,22-May,BON,spill,kcfs,Spill,138.954
2009,23-May,BON,spill,kcfs,Spill,115.138
2009,24-May,BON,spill,kcfs,Spill,104.275
2009,25-May,BON,spill,kcfs,Spill,135.133
2009,26-May,BON,spill,kcfs,Spill,149.333
2009,27-May,BON,spill,kcfs,Spill,149.571
2009,28-May,BON,spill,kcfs,Spill,149.533
2009,29-May,BON,spill,kcfs,Spill,149.371
2009,30-May,BON,spill,kcfs,Spill,148.546
2009,31-May,BON,spill,kcfs,Spill,148.763
2009,1-Jun,BON,spill,kcfs,Spill,149.3
2009,20-Apr,JDA,spill,kcfs,Spill,71.579
2009,21-Apr,JDA,spill,kcfs,Spill,73.042
2009,22-Apr,JDA,spill,kcfs,Spill,74.375
2009,23-Apr,JDA,spill,kcfs,Spill,89.592
2009,24-Apr,JDA,spill,kcfs,Spill,98.717
2009,25-Apr,JDA,spill,kcfs,Spill,87.075
2009,26-Apr,JDA,spill,kcfs,Spill,89.967
2009,27-Apr,JDA,spill,kcfs,Spill,82.988
2009,28-Apr,JDA,spill,kcfs,Spill,82.054
2009,29-Apr,JDA,spill,kcfs,Spill,74.946
2009,30-Apr,JDA,spill,kcfs,Spill,77.929
2009,1-May,JDA,spill,kcfs,Spill,86.421
2009,2-May,JDA,spill,kcfs,Spill,84.525
2009,3-May,JDA,spill,kcfs,Spill,73.475
2009,4-May,JDA,spill,kcfs,Spill,77.967
2009,5-May,JDA,spill,kcfs,Spill,63.113
2009,6-May,JDA,spill,kcfs,Spill,74.35
2009,7-May,JDA,spill,kcfs,Spill,91.517
2009,8-May,JDA,spill,kcfs,Spill,88.567
2009,9-May,JDA,spill,kcfs,Spill,78.463
2009,10-May,JDA,spill,kcfs,Spill,63.217
2009,11-May,JDA,spill,kcfs,Spill,87.6
2009,12-May,JDA,spill,kcfs,Spill,98.138
2009,13-May,JDA,spill,kcfs,Spill,85.054
2009,14-May,JDA,spill,kcfs,Spill,66.6
2009,15-May,JDA,spill,kcfs,Spill,89.696
2009,16-May,JDA,spill,kcfs,Spill,97.55
2009,17-May,JDA,spill,kcfs,Spill,76.133
2009,18-May,JDA,spill,kcfs,Spill,77.954
2009,19-May,JDA,spill,kcfs,Spill,80.392
2009,20-May,JDA,spill,kcfs,Spill,91.608
2009,21-May,JDA,spill,kcfs,Spill,102.363
2009,22-May,JDA,spill,kcfs,Spill,116.196
2009,23-May,JDA,spill,kcfs,Spill,110.513
2009,24-May,JDA,spill,kcfs,Spill,108.475
2009,25-May,JDA,spill,kcfs,Spill,103.1
2009,26-May,JDA,spill,kcfs,Spill,101.525
2009,27-May,JDA,spill,kcfs,Spill,114.738
2009,28-May,JDA,spill,kcfs,Spill,124.233
2009,29-May,JDA,spill,kcfs,Spill,110.838
2009,30-May,JDA,spill,kcfs,Spill,103.163
2009,31-May,JDA,spill,kcfs,Spill,94.8
2009,1-Jun,JDA,spill,kcfs,Spill,89.913
2009,20-Apr,TDA,spill,kcfs,Spill,94.004
2009,21-Apr,TDA,spill,kcfs,Spill,92.542
2009,22-Apr,TDA,spill,kcfs,Spill,91.138
2009,23-Apr,TDA,spill,kcfs,Spill,98.158
2009,24-Apr,TDA,spill,kcfs,Spill,115.321
2009,25-Apr,TDA,spill,kcfs,Spill,112.538
2009,26-Apr,TDA,spill,kcfs,Spill,117.163
2009,27-Apr,TDA,spill,kcfs,Spill,107.858
2009,28-Apr,TDA,spill,kcfs,Spill,105.804
2009,29-Apr,TDA,spill,kcfs,Spill,96.2
2009,30-Apr,TDA,spill,kcfs,Spill,100.363
2009,1-May,TDA,spill,kcfs,Spill,86.604
2009,2-May,TDA,spill,kcfs,Spill,81.788
2009,3-May,TDA,spill,kcfs,Spill,71.708
2009,4-May,TDA,spill,kcfs,Spill,74.65
2009,5-May,TDA,spill,kcfs,Spill,76.842
2009,6-May,TDA,spill,kcfs,Spill,94.146
2009,7-May,TDA,spill,kcfs,Spill,96.121
2009,8-May,TDA,spill,kcfs,Spill,87.267
2009,9-May,TDA,spill,kcfs,Spill,94.988
2009,10-May,TDA,spill,kcfs,Spill,81.471
2009,11-May,TDA,spill,kcfs,Spill,80.867
2009,12-May,TDA,spill,kcfs,Spill,86.792
2009,13-May,TDA,spill,kcfs,Spill,102.492
2009,14-May,TDA,spill,kcfs,Spill,86.833
2009,15-May,TDA,spill,kcfs,Spill,90.958
2009,16-May,TDA,spill,kcfs,Spill,92.829
2009,17-May,TDA,spill,kcfs,Spill,85.825
2009,18-May,TDA,spill,kcfs,Spill,81.283
2009,19-May,TDA,spill,kcfs,Spill,83.246
2009,20-May,TDA,spill,kcfs,Spill,93.942
2009,21-May,TDA,spill,kcfs,Spill,116.846
2009,22-May,TDA,spill,kcfs,Spill,123.05
2009,23-May,TDA,spill,kcfs,Spill,109.088
2009,24-May,TDA,spill,kcfs,Spill,112.492
2009,25-May,TDA,spill,kcfs,Spill,115.717
2009,26-May,TDA,spill,kcfs,Spill,125.283
2009,27-May,TDA,spill,kcfs,Spill,130.3
2009,28-May,TDA,spill,kcfs,Spill,128.633
2009,29-May,TDA,spill,kcfs,Spill,115.254
2009,30-May,TDA,spill,kcfs,Spill,109.983
2009,31-May,TDA,spill,kcfs,Spill,104.442
2009,1-Jun,TDA,spill,kcfs,Spill,99.783
2008,20-Apr,BON,spill,kcfs,Spill,100.938
2008,21-Apr,BON,spill,kcfs,Spill,100.325
2008,22-Apr,BON,spill,kcfs,Spill,99.333
2008,23-Apr,BON,spill,kcfs,Spill,98.142
2008,24-Apr,BON,spill,kcfs,Spill,98.196
2008,25-Apr,BON,spill,kcfs,Spill,98.763
2008,26-Apr,BON,spill,kcfs,Spill,100.558
2008,27-Apr,BON,spill,kcfs,Spill,99.454
2008,28-Apr,BON,spill,kcfs,Spill,99.075
2008,29-Apr,BON,spill,kcfs,Spill,98.85
2008,30-Apr,BON,spill,kcfs,Spill,99.333
2008,1-May,BON,spill,kcfs,Spill,99.767
2008,2-May,BON,spill,kcfs,Spill,100.092
2008,3-May,BON,spill,kcfs,Spill,100.617
2008,4-May,BON,spill,kcfs,Spill,101.088
2008,5-May,BON,spill,kcfs,Spill,99.129
2008,6-May,BON,spill,kcfs,Spill,95.683
2008,7-May,BON,spill,kcfs,Spill,96.958
2008,8-May,BON,spill,kcfs,Spill,102.4
2008,9-May,BON,spill,kcfs,Spill,102.383
2008,10-May,BON,spill,kcfs,Spill,99.425
2008,11-May,BON,spill,kcfs,Spill,97.05
2008,12-May,BON,spill,kcfs,Spill,110.6
2008,13-May,BON,spill,kcfs,Spill,97.392
2008,14-May,BON,spill,kcfs,Spill,97.45
2008,15-May,BON,spill,kcfs,Spill,97.117
2008,16-May,BON,spill,kcfs,Spill,95.458
2008,17-May,BON,spill,kcfs,Spill,105.588
2008,18-May,BON,spill,kcfs,Spill,152.746
2008,19-May,BON,spill,kcfs,Spill,195.467
2008,20-May,BON,spill,kcfs,Spill,202.504
2008,21-May,BON,spill,kcfs,Spill,222.733
2008,22-May,BON,spill,kcfs,Spill,230.946
2008,23-May,BON,spill,kcfs,Spill,217.3
2008,24-May,BON,spill,kcfs,Spill,192.742
2008,25-May,BON,spill,kcfs,Spill,189.8
2008,26-May,BON,spill,kcfs,Spill,178.354
2008,27-May,BON,spill,kcfs,Spill,167.908
2008,28-May,BON,spill,kcfs,Spill,195.229
2008,29-May,BON,spill,kcfs,Spill,211.804
2008,30-May,BON,spill,kcfs,Spill,202.913
2008,31-May,BON,spill,kcfs,Spill,197.925
2008,1-Jun,BON,spill,kcfs,Spill,200.033
2008,20-Apr,JDA,spill,kcfs,Spill,47.179
2008,21-Apr,JDA,spill,kcfs,Spill,39.329
2008,22-Apr,JDA,spill,kcfs,Spill,52.017
2008,23-Apr,JDA,spill,kcfs,Spill,51.238
2008,24-Apr,JDA,spill,kcfs,Spill,59.088
2008,25-Apr,JDA,spill,kcfs,Spill,68.933
2008,26-Apr,JDA,spill,kcfs,Spill,61.729
2008,27-Apr,JDA,spill,kcfs,Spill,47.433
2008,28-Apr,JDA,spill,kcfs,Spill,56.35
2008,29-Apr,JDA,spill,kcfs,Spill,51.058
2008,30-Apr,JDA,spill,kcfs,Spill,57.321
2008,1-May,JDA,spill,kcfs,Spill,62.296
2008,2-May,JDA,spill,kcfs,Spill,80.963
2008,3-May,JDA,spill,kcfs,Spill,72.296
2008,4-May,JDA,spill,kcfs,Spill,59.029
2008,5-May,JDA,spill,kcfs,Spill,75.988
2008,6-May,JDA,spill,kcfs,Spill,61.358
2008,7-May,JDA,spill,kcfs,Spill,72.454
2008,8-May,JDA,spill,kcfs,Spill,69.567
2008,9-May,JDA,spill,kcfs,Spill,87.338
2008,10-May,JDA,spill,kcfs,Spill,97.046
2008,11-May,JDA,spill,kcfs,Spill,83.954
2008,12-May,JDA,spill,kcfs,Spill,111.225
2008,13-May,JDA,spill,kcfs,Spill,105.508
2008,14-May,JDA,spill,kcfs,Spill,77.25
2008,15-May,JDA,spill,kcfs,Spill,78.413
2008,16-May,JDA,spill,kcfs,Spill,81.129
2008,17-May,JDA,spill,kcfs,Spill,79.596
2008,18-May,JDA,spill,kcfs,Spill,110.638
2008,19-May,JDA,spill,kcfs,Spill,133.533
2008,20-May,JDA,spill,kcfs,Spill,125.079
2008,21-May,JDA,spill,kcfs,Spill,123.625
2008,22-May,JDA,spill,kcfs,Spill,137.279
2008,23-May,JDA,spill,kcfs,Spill,142.979
2008,24-May,JDA,spill,kcfs,Spill,154.592
2008,25-May,JDA,spill,kcfs,Spill,139.742
2008,26-May,JDA,spill,kcfs,Spill,117.363
2008,27-May,JDA,spill,kcfs,Spill,111.021
2008,28-May,JDA,spill,kcfs,Spill,137.842
2008,29-May,JDA,spill,kcfs,Spill,137.313
2008,30-May,JDA,spill,kcfs,Spill,129.904
2008,31-May,JDA,spill,kcfs,Spill,124.275
2008,1-Jun,JDA,spill,kcfs,Spill,126.621
2008,20-Apr,TDA,spill,kcfs,Spill,59.288
2008,21-Apr,TDA,spill,kcfs,Spill,70.279
2008,22-Apr,TDA,spill,kcfs,Spill,67.658
2008,23-Apr,TDA,spill,kcfs,Spill,66.283
2008,24-Apr,TDA,spill,kcfs,Spill,72.654
2008,25-Apr,TDA,spill,kcfs,Spill,86.133
2008,26-Apr,TDA,spill,kcfs,Spill,78.717
2008,27-Apr,TDA,spill,kcfs,Spill,61.833
2008,28-Apr,TDA,spill,kcfs,Spill,71.2
2008,29-Apr,TDA,spill,kcfs,Spill,66.279
2008,30-Apr,TDA,spill,kcfs,Spill,71.65
2008,1-May,TDA,spill,kcfs,Spill,79.675
2008,2-May,TDA,spill,kcfs,Spill,82.942
2008,3-May,TDA,spill,kcfs,Spill,67.7
2008,4-May,TDA,spill,kcfs,Spill,56.104
2008,5-May,TDA,spill,kcfs,Spill,75.692
2008,6-May,TDA,spill,kcfs,Spill,74.417
2008,7-May,TDA,spill,kcfs,Spill,92.171
2008,8-May,TDA,spill,kcfs,Spill,88.863
2008,9-May,TDA,spill,kcfs,Spill,113.321
2008,10-May,TDA,spill,kcfs,Spill,104.975
2008,11-May,TDA,spill,kcfs,Spill,81.596
2008,12-May,TDA,spill,kcfs,Spill,113.029
2008,13-May,TDA,spill,kcfs,Spill,105.267
2008,14-May,TDA,spill,kcfs,Spill,90.783
2008,15-May,TDA,spill,kcfs,Spill,99.633
2008,16-May,TDA,spill,kcfs,Spill,104.463
2008,17-May,TDA,spill,kcfs,Spill,104.321
2008,18-May,TDA,spill,kcfs,Spill,128.575
2008,19-May,TDA,spill,kcfs,Spill,144.563
2008,20-May,TDA,spill,kcfs,Spill,151.767
2008,21-May,TDA,spill,kcfs,Spill,161.479
2008,22-May,TDA,spill,kcfs,Spill,165.017
2008,23-May,TDA,spill,kcfs,Spill,154.167
2008,24-May,TDA,spill,kcfs,Spill,164.017
2008,25-May,TDA,spill,kcfs,Spill,152.933
2008,26-May,TDA,spill,kcfs,Spill,142.446
2008,27-May,TDA,spill,kcfs,Spill,139.138
2008,28-May,TDA,spill,kcfs,Spill,154.8
2008,29-May,TDA,spill,kcfs,Spill,159.325
2008,30-May,TDA,spill,kcfs,Spill,169.425
2008,31-May,TDA,spill,kcfs,Spill,159.333
2008,1-Jun,TDA,spill,kcfs,Spill,158.342
2007,20-Apr,BON,spill,kcfs,Spill,99.55
2007,21-Apr,BON,spill,kcfs,Spill,100.175
2007,22-Apr,BON,spill,kcfs,Spill,99.483
2007,23-Apr,BON,spill,kcfs,Spill,98.529
2007,24-Apr,BON,spill,kcfs,Spill,98.117
2007,25-Apr,BON,spill,kcfs,Spill,98.829
2007,26-Apr,BON,spill,kcfs,Spill,98.613
2007,27-Apr,BON,spill,kcfs,Spill,99.317
2007,28-Apr,BON,spill,kcfs,Spill,97.396
2007,29-Apr,BON,spill,kcfs,Spill,93.871
2007,30-Apr,BON,spill,kcfs,Spill,93.896
2007,1-May,BON,spill,kcfs,Spill,92.658
2007,2-May,BON,spill,kcfs,Spill,92.825
2007,3-May,BON,spill,kcfs,Spill,93.25
2007,4-May,BON,spill,kcfs,Spill,94.063
2007,5-May,BON,spill,kcfs,Spill,95.917
2007,6-May,BON,spill,kcfs,Spill,97.521
2007,7-May,BON,spill,kcfs,Spill,97.196
2007,8-May,BON,spill,kcfs,Spill,97.183
2007,9-May,BON,spill,kcfs,Spill,94.354
2007,10-May,BON,spill,kcfs,Spill,92.454
2007,11-May,BON,spill,kcfs,Spill,94.596
2007,12-May,BON,spill,kcfs,Spill,97.325
2007,13-May,BON,spill,kcfs,Spill,97.733
2007,14-May,BON,spill,kcfs,Spill,98.913
2007,15-May,BON,spill,kcfs,Spill,98.233
2007,16-May,BON,spill,kcfs,Spill,99.035
2007,17-May,BON,spill,kcfs,Spill,98.396
2007,18-May,BON,spill,kcfs,Spill,98.121
2007,19-May,BON,spill,kcfs,Spill,98.029
2007,20-May,BON,spill,kcfs,Spill,98.204
2007,21-May,BON,spill,kcfs,Spill,97.883
2007,22-May,BON,spill,kcfs,Spill,98.067
2007,23-May,BON,spill,kcfs,Spill,98.613
2007,24-May,BON,spill,kcfs,Spill,98.983
2007,25-May,BON,spill,kcfs,Spill,98.021
2007,26-May,BON,spill,kcfs,Spill,95.592
2007,27-May,BON,spill,kcfs,Spill,92.204
2007,28-May,BON,spill,kcfs,Spill,92.538
2007,29-May,BON,spill,kcfs,Spill,96.592
2007,30-May,BON,spill,kcfs,Spill,97.708
2007,31-May,BON,spill,kcfs,Spill,98.288
2007,1-Jun,BON,spill,kcfs,Spill,96.858
2007,20-Apr,JDA,spill,kcfs,Spill,71.067
2007,21-Apr,JDA,spill,kcfs,Spill,65.338
2007,22-Apr,JDA,spill,kcfs,Spill,63.892
2007,23-Apr,JDA,spill,kcfs,Spill,63.917
2007,24-Apr,JDA,spill,kcfs,Spill,55.196
2007,25-Apr,JDA,spill,kcfs,Spill,59.854
2007,26-Apr,JDA,spill,kcfs,Spill,60.892
2007,27-Apr,JDA,spill,kcfs,Spill,60.442
2007,28-Apr,JDA,spill,kcfs,Spill,60.483
2007,29-Apr,JDA,spill,kcfs,Spill,59.496
2007,30-Apr,JDA,spill,kcfs,Spill,62.617
2007,1-May,JDA,spill,kcfs,Spill,64.521
2007,2-May,JDA,spill,kcfs,Spill,64.608
2007,3-May,JDA,spill,kcfs,Spill,67.396
2007,4-May,JDA,spill,kcfs,Spill,71.117
2007,5-May,JDA,spill,kcfs,Spill,70.596
2007,6-May,JDA,spill,kcfs,Spill,70.646
2007,7-May,JDA,spill,kcfs,Spill,63.296
2007,8-May,JDA,spill,kcfs,Spill,67.146
2007,9-May,JDA,spill,kcfs,Spill,69.446
2007,10-May,JDA,spill,kcfs,Spill,71.446
2007,11-May,JDA,spill,kcfs,Spill,72.929
2007,12-May,JDA,spill,kcfs,Spill,71.829
2007,13-May,JDA,spill,kcfs,Spill,68.75
2007,14-May,JDA,spill,kcfs,Spill,73.8
2007,15-May,JDA,spill,kcfs,Spill,67.004
2007,16-May,JDA,spill,kcfs,Spill,65.508
2007,17-May,JDA,spill,kcfs,Spill,67.192
2007,18-May,JDA,spill,kcfs,Spill,59.917
2007,19-May,JDA,spill,kcfs,Spill,63.875
2007,20-May,JDA,spill,kcfs,Spill,66.738
2007,21-May,JDA,spill,kcfs,Spill,61.104
2007,22-May,JDA,spill,kcfs,Spill,66.9
2007,23-May,JDA,spill,kcfs,Spill,63.829
2007,24-May,JDA,spill,kcfs,Spill,58.833
2007,25-May,JDA,spill,kcfs,Spill,70.35
2007,26-May,JDA,spill,kcfs,Spill,64.038
2007,27-May,JDA,spill,kcfs,Spill,61.063
2007,28-May,JDA,spill,kcfs,Spill,67.429
2007,29-May,JDA,spill,kcfs,Spill,62.55
2007,30-May,JDA,spill,kcfs,Spill,60.846
2007,31-May,JDA,spill,kcfs,Spill,61.929
2007,1-Jun,JDA,spill,kcfs,Spill,51.304
2007,20-Apr,TDA,spill,kcfs,Spill,86.333
2007,21-Apr,TDA,spill,kcfs,Spill,85.838
2007,22-Apr,TDA,spill,kcfs,Spill,85.9
2007,23-Apr,TDA,spill,kcfs,Spill,86.329
2007,24-Apr,TDA,spill,kcfs,Spill,77.183
2007,25-Apr,TDA,spill,kcfs,Spill,81.942
2007,26-Apr,TDA,spill,kcfs,Spill,86.779
2007,27-Apr,TDA,spill,kcfs,Spill,90.6
2007,28-Apr,TDA,spill,kcfs,Spill,86.175
2007,29-Apr,TDA,spill,kcfs,Spill,90.388
2007,30-Apr,TDA,spill,kcfs,Spill,89.571
2007,1-May,TDA,spill,kcfs,Spill,98.938
2007,2-May,TDA,spill,kcfs,Spill,101.304
2007,3-May,TDA,spill,kcfs,Spill,104.413
2007,4-May,TDA,spill,kcfs,Spill,108.646
2007,5-May,TDA,spill,kcfs,Spill,109.042
2007,6-May,TDA,spill,kcfs,Spill,108.204
2007,7-May,TDA,spill,kcfs,Spill,93.813
2007,8-May,TDA,spill,kcfs,Spill,95.592
2007,9-May,TDA,spill,kcfs,Spill,108.154
2007,10-May,TDA,spill,kcfs,Spill,106.038
2007,11-May,TDA,spill,kcfs,Spill,107.9
2007,12-May,TDA,spill,kcfs,Spill,105.217
2007,13-May,TDA,spill,kcfs,Spill,98.483
2007,14-May,TDA,spill,kcfs,Spill,113.479
2007,15-May,TDA,spill,kcfs,Spill,107.158
2007,16-May,TDA,spill,kcfs,Spill,100.383
2007,17-May,TDA,spill,kcfs,Spill,101.092
2007,18-May,TDA,spill,kcfs,Spill,101.567
2007,19-May,TDA,spill,kcfs,Spill,102.421
2007,20-May,TDA,spill,kcfs,Spill,102.938
2007,21-May,TDA,spill,kcfs,Spill,100.508
2007,22-May,TDA,spill,kcfs,Spill,101.583
2007,23-May,TDA,spill,kcfs,Spill,103.913
2007,24-May,TDA,spill,kcfs,Spill,97.592
2007,25-May,TDA,spill,kcfs,Spill,100.967
2007,26-May,TDA,spill,kcfs,Spill,96.096
2007,27-May,TDA,spill,kcfs,Spill,82.413
2007,28-May,TDA,spill,kcfs,Spill,101.979
2007,29-May,TDA,spill,kcfs,Spill,93.625
2007,30-May,TDA,spill,kcfs,Spill,89.367
2007,31-May,TDA,spill,kcfs,Spill,91.708
2007,1-Jun,TDA,spill,kcfs,Spill,82.813
2006,20-Apr,BON,spill,kcfs,Spill,129.379
2006,21-Apr,BON,spill,kcfs,Spill,97.821
2006,22-Apr,BON,spill,kcfs,Spill,83.604
2006,23-Apr,BON,spill,kcfs,Spill,83.425
2006,24-Apr,BON,spill,kcfs,Spill,93.413
2006,25-Apr,BON,spill,kcfs,Spill,104.463
2006,26-Apr,BON,spill,kcfs,Spill,103.942
2006,27-Apr,BON,spill,kcfs,Spill,120.121
2006,28-Apr,BON,spill,kcfs,Spill,111.954
2006,29-Apr,BON,spill,kcfs,Spill,100.875
2006,30-Apr,BON,spill,kcfs,Spill,100.508
2006,1-May,BON,spill,kcfs,Spill,119.479
2006,2-May,BON,spill,kcfs,Spill,159.938
2006,3-May,BON,spill,kcfs,Spill,152.163
2006,4-May,BON,spill,kcfs,Spill,140.754
2006,5-May,BON,spill,kcfs,Spill,99.354
2006,6-May,BON,spill,kcfs,Spill,94.954
2006,7-May,BON,spill,kcfs,Spill,95.567
2006,8-May,BON,spill,kcfs,Spill,96.292
2006,9-May,BON,spill,kcfs,Spill,92.55
2006,10-May,BON,spill,kcfs,Spill,94.563
2006,11-May,BON,spill,kcfs,Spill,90.533
2006,12-May,BON,spill,kcfs,Spill,85.125
2006,13-May,BON,spill,kcfs,Spill,84.429
2006,14-May,BON,spill,kcfs,Spill,84.221
2006,15-May,BON,spill,kcfs,Spill,82.308
2006,16-May,BON,spill,kcfs,Spill,79.6
2006,17-May,BON,spill,kcfs,Spill,77.429
2006,18-May,BON,spill,kcfs,Spill,120.929
2006,19-May,BON,spill,kcfs,Spill,146.879
2006,20-May,BON,spill,kcfs,Spill,152.842
2006,21-May,BON,spill,kcfs,Spill,155.188
2006,22-May,BON,spill,kcfs,Spill,156.158
2006,23-May,BON,spill,kcfs,Spill,159.929
2006,24-May,BON,spill,kcfs,Spill,167.029
2006,25-May,BON,spill,kcfs,Spill,167.775
2006,26-May,BON,spill,kcfs,Spill,149.396
2006,27-May,BON,spill,kcfs,Spill,163.288
2006,28-May,BON,spill,kcfs,Spill,160.796
2006,29-May,BON,spill,kcfs,Spill,170.008
2006,30-May,BON,spill,kcfs,Spill,179.046
2006,31-May,BON,spill,kcfs,Spill,142.8
2006,1-Jun,BON,spill,kcfs,Spill,127.008
2006,20-Apr,JDA,spill,kcfs,Spill,143.054
2006,21-Apr,JDA,spill,kcfs,Spill,97.496
2006,22-Apr,JDA,spill,kcfs,Spill,88.804
2006,23-Apr,JDA,spill,kcfs,Spill,101.163
2006,24-Apr,JDA,spill,kcfs,Spill,172.808
2006,25-Apr,JDA,spill,kcfs,Spill,140.258
2006,26-Apr,JDA,spill,kcfs,Spill,130.075
2006,27-Apr,JDA,spill,kcfs,Spill,133.083
2006,28-Apr,JDA,spill,kcfs,Spill,108.896
2006,29-Apr,JDA,spill,kcfs,Spill,108.683
2006,30-Apr,JDA,spill,kcfs,Spill,106.288
2006,1-May,JDA,spill,kcfs,Spill,143.15
2006,2-May,JDA,spill,kcfs,Spill,182.421
2006,3-May,JDA,spill,kcfs,Spill,162.433
2006,4-May,JDA,spill,kcfs,Spill,129.808
2006,5-May,JDA,spill,kcfs,Spill,106.875
2006,6-May,JDA,spill,kcfs,Spill,91.2
2006,7-May,JDA,spill,kcfs,Spill,108.833
2006,8-May,JDA,spill,kcfs,Spill,118.567
2006,9-May,JDA,spill,kcfs,Spill,99.054
2006,10-May,JDA,spill,kcfs,Spill,109.608
2006,11-May,JDA,spill,kcfs,Spill,109.867
2006,12-May,JDA,spill,kcfs,Spill,117.992
2006,13-May,JDA,spill,kcfs,Spill,116.225
2006,14-May,JDA,spill,kcfs,Spill,100.125
2006,15-May,JDA,spill,kcfs,Spill,84.854
2006,16-May,JDA,spill,kcfs,Spill,79.763
2006,17-May,JDA,spill,kcfs,Spill,107.371
2006,18-May,JDA,spill,kcfs,Spill,133.558
2006,19-May,JDA,spill,kcfs,Spill,140.867
2006,20-May,JDA,spill,kcfs,Spill,146.921
2006,21-May,JDA,spill,kcfs,Spill,144.008
2006,22-May,JDA,spill,kcfs,Spill,152.725
2006,23-May,JDA,spill,kcfs,Spill,160.517
2006,24-May,JDA,spill,kcfs,Spill,177.058
2006,25-May,JDA,spill,kcfs,Spill,143.733
2006,26-May,JDA,spill,kcfs,Spill,147.038
2006,27-May,JDA,spill,kcfs,Spill,194.979
2006,28-May,JDA,spill,kcfs,Spill,158.867
2006,29-May,JDA,spill,kcfs,Spill,170.829
2006,30-May,JDA,spill,kcfs,Spill,175.171
2006,31-May,JDA,spill,kcfs,Spill,143.896
2006,1-Jun,JDA,spill,kcfs,Spill,131.804
2006,20-Apr,TDA,spill,kcfs,Spill,109.963
2006,21-Apr,TDA,spill,kcfs,Spill,101.763
2006,22-Apr,TDA,spill,kcfs,Spill,101.042
2006,23-Apr,TDA,spill,kcfs,Spill,109.758
2006,24-Apr,TDA,spill,kcfs,Spill,104.2
2006,25-Apr,TDA,spill,kcfs,Spill,97.129
2006,26-Apr,TDA,spill,kcfs,Spill,98.579
2006,27-Apr,TDA,spill,kcfs,Spill,102.571
2006,28-Apr,TDA,spill,kcfs,Spill,99.363
2006,29-Apr,TDA,spill,kcfs,Spill,96.625
2006,30-Apr,TDA,spill,kcfs,Spill,99.796
2006,1-May,TDA,spill,kcfs,Spill,117.708
2006,2-May,TDA,spill,kcfs,Spill,162.913
2006,3-May,TDA,spill,kcfs,Spill,141.175
2006,4-May,TDA,spill,kcfs,Spill,126.642
2006,5-May,TDA,spill,kcfs,Spill,117.717
2006,6-May,TDA,spill,kcfs,Spill,103.558
2006,7-May,TDA,spill,kcfs,Spill,119.596
2006,8-May,TDA,spill,kcfs,Spill,119.633
2006,9-May,TDA,spill,kcfs,Spill,110.95
2006,10-May,TDA,spill,kcfs,Spill,115.4
2006,11-May,TDA,spill,kcfs,Spill,100.796
2006,12-May,TDA,spill,kcfs,Spill,106.546
2006,13-May,TDA,spill,kcfs,Spill,115.783
2006,14-May,TDA,spill,kcfs,Spill,98.033
2006,15-May,TDA,spill,kcfs,Spill,103.525
2006,16-May,TDA,spill,kcfs,Spill,99.775
2006,17-May,TDA,spill,kcfs,Spill,100.754
2006,18-May,TDA,spill,kcfs,Spill,129.533
2006,19-May,TDA,spill,kcfs,Spill,142.479
2006,20-May,TDA,spill,kcfs,Spill,131.963
2006,21-May,TDA,spill,kcfs,Spill,137.95
2006,22-May,TDA,spill,kcfs,Spill,144.508
2006,23-May,TDA,spill,kcfs,Spill,139.688
2006,24-May,TDA,spill,kcfs,Spill,142.888
2006,25-May,TDA,spill,kcfs,Spill,137.867
2006,26-May,TDA,spill,kcfs,Spill,124.208
2006,27-May,TDA,spill,kcfs,Spill,212.308
2006,28-May,TDA,spill,kcfs,Spill,216.838
2006,29-May,TDA,spill,kcfs,Spill,191.175
2006,30-May,TDA,spill,kcfs,Spill,189.254
2006,31-May,TDA,spill,kcfs,Spill,131.446
2006,1-Jun,TDA,spill,kcfs,Spill,101.096
2005,20-Apr,BON,spill,kcfs,Spill,76.646
2005,21-Apr,BON,spill,kcfs,Spill,75.204
2005,22-Apr,BON,spill,kcfs,Spill,74.9
2005,23-Apr,BON,spill,kcfs,Spill,74.979
2005,24-Apr,BON,spill,kcfs,Spill,74.996
2005,25-Apr,BON,spill,kcfs,Spill,76.204
2005,26-Apr,BON,spill,kcfs,Spill,80.038
2005,27-Apr,BON,spill,kcfs,Spill,80.746
2005,28-Apr,BON,spill,kcfs,Spill,78.763
2005,29-Apr,BON,spill,kcfs,Spill,79.817
2005,30-Apr,BON,spill,kcfs,Spill,81.392
2005,1-May,BON,spill,kcfs,Spill,80.1
2005,2-May,BON,spill,kcfs,Spill,77.346
2005,3-May,BON,spill,kcfs,Spill,76.367
2005,4-May,BON,spill,kcfs,Spill,74.588
2005,5-May,BON,spill,kcfs,Spill,65.129
2005,6-May,BON,spill,kcfs,Spill,64.929
2005,7-May,BON,spill,kcfs,Spill,66.825
2005,8-May,BON,spill,kcfs,Spill,73.133
2005,9-May,BON,spill,kcfs,Spill,78.146
2005,10-May,BON,spill,kcfs,Spill,82.688
2005,11-May,BON,spill,kcfs,Spill,88.329
2005,12-May,BON,spill,kcfs,Spill,90.196
2005,13-May,BON,spill,kcfs,Spill,91.925
2005,14-May,BON,spill,kcfs,Spill,91.538
2005,15-May,BON,spill,kcfs,Spill,90.85
2005,16-May,BON,spill,kcfs,Spill,89.383
2005,17-May,BON,spill,kcfs,Spill,89.221
2005,18-May,BON,spill,kcfs,Spill,88.983
2005,19-May,BON,spill,kcfs,Spill,86.813
2005,20-May,BON,spill,kcfs,Spill,85.033
2005,21-May,BON,spill,kcfs,Spill,85.708
2005,22-May,BON,spill,kcfs,Spill,105.603
2005,23-May,BON,spill,kcfs,Spill,85.217
2005,24-May,BON,spill,kcfs,Spill,85.171
2005,25-May,BON,spill,kcfs,Spill,85.867
2005,26-May,BON,spill,kcfs,Spill,87.608
2005,27-May,BON,spill,kcfs,Spill,89.25
2005,28-May,BON,spill,kcfs,Spill,89.313
2005,29-May,BON,spill,kcfs,Spill,89.154
2005,30-May,BON,spill,kcfs,Spill,90.35
2005,31-May,BON,spill,kcfs,Spill,91.392
2005,1-Jun,BON,spill,kcfs,Spill,90.829
2005,20-Apr,JDA,spill,kcfs,Spill,30.788
2005,21-Apr,JDA,spill,kcfs,Spill,36.754
2005,22-Apr,JDA,spill,kcfs,Spill,56.192
2005,23-Apr,JDA,spill,kcfs,Spill,42.25
2005,24-Apr,JDA,spill,kcfs,Spill,32.896
2005,25-Apr,JDA,spill,kcfs,Spill,32.833
2005,26-Apr,JDA,spill,kcfs,Spill,46.846
2005,27-Apr,JDA,spill,kcfs,Spill,43.821
2005,28-Apr,JDA,spill,kcfs,Spill,54.417
2005,29-Apr,JDA,spill,kcfs,Spill,47.558
2005,30-Apr,JDA,spill,kcfs,Spill,47.475
2005,1-May,JDA,spill,kcfs,Spill,46.421
2005,2-May,JDA,spill,kcfs,Spill,50.683
2005,3-May,JDA,spill,kcfs,Spill,50.292
2005,4-May,JDA,spill,kcfs,Spill,51.729
2005,5-May,JDA,spill,kcfs,Spill,41.642
2005,6-May,JDA,spill,kcfs,Spill,39.008
2005,7-May,JDA,spill,kcfs,Spill,40.154
2005,8-May,JDA,spill,kcfs,Spill,40.504
2005,9-May,JDA,spill,kcfs,Spill,41.225
2005,10-May,JDA,spill,kcfs,Spill,42.533
2005,11-May,JDA,spill,kcfs,Spill,55.688
2005,12-May,JDA,spill,kcfs,Spill,68.333
2005,13-May,JDA,spill,kcfs,Spill,64.992
2005,14-May,JDA,spill,kcfs,Spill,65.142
2005,15-May,JDA,spill,kcfs,Spill,61.471
2005,16-May,JDA,spill,kcfs,Spill,60.471
2005,17-May,JDA,spill,kcfs,Spill,63.779
2005,18-May,JDA,spill,kcfs,Spill,80.958
2005,19-May,JDA,spill,kcfs,Spill,63.613
2005,20-May,JDA,spill,kcfs,Spill,75.042
2005,21-May,JDA,spill,kcfs,Spill,47.225
2005,22-May,JDA,spill,kcfs,Spill,97.346
2005,23-May,JDA,spill,kcfs,Spill,92.063
2005,24-May,JDA,spill,kcfs,Spill,95.892
2005,25-May,JDA,spill,kcfs,Spill,88.304
2005,26-May,JDA,spill,kcfs,Spill,104.363
2005,27-May,JDA,spill,kcfs,Spill,99.338
2005,28-May,JDA,spill,kcfs,Spill,107.554
2005,29-May,JDA,spill,kcfs,Spill,95.933
2005,30-May,JDA,spill,kcfs,Spill,75.592
2005,31-May,JDA,spill,kcfs,Spill,40.304
2005,1-Jun,JDA,spill,kcfs,Spill,65.25
2005,20-Apr,TDA,spill,kcfs,Spill,49.542
2005,21-Apr,TDA,spill,kcfs,Spill,45.788
2005,22-Apr,TDA,spill,kcfs,Spill,65.392
2005,23-Apr,TDA,spill,kcfs,Spill,54.263
2005,24-Apr,TDA,spill,kcfs,Spill,47.65
2005,25-Apr,TDA,spill,kcfs,Spill,49.838
2005,26-Apr,TDA,spill,kcfs,Spill,63.325
2005,27-Apr,TDA,spill,kcfs,Spill,63.933
2005,28-Apr,TDA,spill,kcfs,Spill,66.933
2005,29-Apr,TDA,spill,kcfs,Spill,62.979
2005,30-Apr,TDA,spill,kcfs,Spill,64.492
2005,1-May,TDA,spill,kcfs,Spill,62.213
2005,2-May,TDA,spill,kcfs,Spill,70.042
2005,3-May,TDA,spill,kcfs,Spill,69.354
2005,4-May,TDA,spill,kcfs,Spill,69.379
2005,5-May,TDA,spill,kcfs,Spill,72.413
2005,6-May,TDA,spill,kcfs,Spill,65.092
2005,7-May,TDA,spill,kcfs,Spill,59.888
2005,8-May,TDA,spill,kcfs,Spill,66.029
2005,9-May,TDA,spill,kcfs,Spill,79.779
2005,10-May,TDA,spill,kcfs,Spill,77.563
2005,11-May,TDA,spill,kcfs,Spill,80.375
2005,12-May,TDA,spill,kcfs,Spill,80.146
2005,13-May,TDA,spill,kcfs,Spill,80.183
2005,14-May,TDA,spill,kcfs,Spill,79.233
2005,15-May,TDA,spill,kcfs,Spill,79.5
2005,16-May,TDA,spill,kcfs,Spill,79.713
2005,17-May,TDA,spill,kcfs,Spill,81.183
2005,18-May,TDA,spill,kcfs,Spill,79.558
2005,19-May,TDA,spill,kcfs,Spill,79.704
2005,20-May,TDA,spill,kcfs,Spill,81.096
2005,21-May,TDA,spill,kcfs,Spill,80.996
2005,22-May,TDA,spill,kcfs,Spill,80.704
2005,23-May,TDA,spill,kcfs,Spill,80.596
2005,24-May,TDA,spill,kcfs,Spill,77.942
2005,25-May,TDA,spill,kcfs,Spill,76.033
2005,26-May,TDA,spill,kcfs,Spill,69.404
2005,27-May,TDA,spill,kcfs,Spill,69.525
2005,28-May,TDA,spill,kcfs,Spill,72.879
2005,29-May,TDA,spill,kcfs,Spill,69.429
2005,30-May,TDA,spill,kcfs,Spill,68.875
2005,31-May,TDA,spill,kcfs,Spill,68.871
2005,1-Jun,TDA,spill,kcfs,Spill,69.492
2004,20-Apr,JDA,spill,kcfs,Spill,42.671
2004,21-Apr,JDA,spill,kcfs,Spill,47.829
2004,22-Apr,JDA,spill,kcfs,Spill,46.638
2004,23-Apr,JDA,spill,kcfs,Spill,45.017
2004,24-Apr,JDA,spill,kcfs,Spill,45.171
2004,25-Apr,JDA,spill,kcfs,Spill,43.267
2004,26-Apr,JDA,spill,kcfs,Spill,45.238
2004,27-Apr,JDA,spill,kcfs,Spill,32.004
2004,28-Apr,JDA,spill,kcfs,Spill,55.608
2004,29-Apr,JDA,spill,kcfs,Spill,54.588
2004,30-Apr,JDA,spill,kcfs,Spill,52.517
2004,1-May,JDA,spill,kcfs,Spill,49.333
2004,2-May,JDA,spill,kcfs,Spill,44.629
2004,3-May,JDA,spill,kcfs,Spill,50.163
2004,4-May,JDA,spill,kcfs,Spill,57.363
2004,5-May,JDA,spill,kcfs,Spill,63.046
2004,6-May,JDA,spill,kcfs,Spill,71.808
2004,7-May,JDA,spill,kcfs,Spill,69.921
2004,8-May,JDA,spill,kcfs,Spill,60.663
2004,9-May,JDA,spill,kcfs,Spill,63.625
2004,10-May,JDA,spill,kcfs,Spill,60.296
2004,11-May,JDA,spill,kcfs,Spill,63.492
2004,12-May,JDA,spill,kcfs,Spill,59.138
2004,13-May,JDA,spill,kcfs,Spill,64.158
2004,14-May,JDA,spill,kcfs,Spill,63.575
2004,15-May,JDA,spill,kcfs,Spill,46.913
2004,16-May,JDA,spill,kcfs,Spill,49.267
2004,17-May,JDA,spill,kcfs,Spill,56.55
2004,18-May,JDA,spill,kcfs,Spill,52.363
2004,19-May,JDA,spill,kcfs,Spill,58.667
2004,20-May,JDA,spill,kcfs,Spill,62.767
2004,21-May,JDA,spill,kcfs,Spill,55.575
2004,22-May,JDA,spill,kcfs,Spill,59.854
2004,23-May,JDA,spill,kcfs,Spill,65.8
2004,24-May,JDA,spill,kcfs,Spill,63.225
2004,25-May,JDA,spill,kcfs,Spill,56.696
2004,26-May,JDA,spill,kcfs,Spill,58.483
2004,27-May,JDA,spill,kcfs,Spill,62.575
2004,28-May,JDA,spill,kcfs,Spill,70.104
2004,29-May,JDA,spill,kcfs,Spill,69.833
2004,30-May,JDA,spill,kcfs,Spill,74.725
2004,31-May,JDA,spill,kcfs,Spill,69.071
2004,1-Jun,JDA,spill,kcfs,Spill,65.392
2004,20-Apr,BON,spill,kcfs,Spill,74.917
2004,21-Apr,BON,spill,kcfs,Spill,85.571
2004,22-Apr,BON,spill,kcfs,Spill,93.917
2004,23-Apr,BON,spill,kcfs,Spill,94.146
2004,24-Apr,BON,spill,kcfs,Spill,93.95
2004,25-Apr,BON,spill,kcfs,Spill,89.342
2004,26-Apr,BON,spill,kcfs,Spill,85.525
2004,27-Apr,BON,spill,kcfs,Spill,87.942
2004,28-Apr,BON,spill,kcfs,Spill,88.563
2004,29-Apr,BON,spill,kcfs,Spill,89.792
2004,30-Apr,BON,spill,kcfs,Spill,92.929
2004,1-May,BON,spill,kcfs,Spill,93.413
2004,2-May,BON,spill,kcfs,Spill,94.204
2004,3-May,BON,spill,kcfs,Spill,92.629
2004,4-May,BON,spill,kcfs,Spill,90.196
2004,5-May,BON,spill,kcfs,Spill,87.221
2004,6-May,BON,spill,kcfs,Spill,89.438
2004,7-May,BON,spill,kcfs,Spill,95.2
2004,8-May,BON,spill,kcfs,Spill,94.067
2004,9-May,BON,spill,kcfs,Spill,94.188
2004,10-May,BON,spill,kcfs,Spill,93.342
2004,11-May,BON,spill,kcfs,Spill,89.071
2004,12-May,BON,spill,kcfs,Spill,90.742
2004,13-May,BON,spill,kcfs,Spill,93.438
2004,14-May,BON,spill,kcfs,Spill,94.613
2004,15-May,BON,spill,kcfs,Spill,92.533
2004,16-May,BON,spill,kcfs,Spill,93.775
2004,17-May,BON,spill,kcfs,Spill,94.729
2004,18-May,BON,spill,kcfs,Spill,95.067
2004,19-May,BON,spill,kcfs,Spill,96.188
2004,20-May,BON,spill,kcfs,Spill,95.858
2004,21-May,BON,spill,kcfs,Spill,95.829
2004,22-May,BON,spill,kcfs,Spill,96.713
2004,23-May,BON,spill,kcfs,Spill,99.067
2004,24-May,BON,spill,kcfs,Spill,101.342
2004,25-May,BON,spill,kcfs,Spill,100.975
2004,26-May,BON,spill,kcfs,Spill,99.513
2004,27-May,BON,spill,kcfs,Spill,98.442
2004,28-May,BON,spill,kcfs,Spill,100.05
2004,29-May,BON,spill,kcfs,Spill,101.725
2004,30-May,BON,spill,kcfs,Spill,105.058
2004,31-May,BON,spill,kcfs,Spill,104.171
2004,1-Jun,BON,spill,kcfs,Spill,97.388
2004,20-Apr,TDA,spill,kcfs,Spill,70.833
2004,21-Apr,TDA,spill,kcfs,Spill,83.708
2004,22-Apr,TDA,spill,kcfs,Spill,67
2004,23-Apr,TDA,spill,kcfs,Spill,65.167
2004,24-Apr,TDA,spill,kcfs,Spill,61.5
2004,25-Apr,TDA,spill,kcfs,Spill,64.542
2004,26-Apr,TDA,spill,kcfs,Spill,59.833
2004,27-Apr,TDA,spill,kcfs,Spill,51.417
2004,28-Apr,TDA,spill,kcfs,Spill,77.083
2004,29-Apr,TDA,spill,kcfs,Spill,66.25
2004,30-Apr,TDA,spill,kcfs,Spill,65.333
2004,1-May,TDA,spill,kcfs,Spill,69
2004,2-May,TDA,spill,kcfs,Spill,62.625
2004,3-May,TDA,spill,kcfs,Spill,65.667
2004,4-May,TDA,spill,kcfs,Spill,78.5
2004,5-May,TDA,spill,kcfs,Spill,84.333
2004,6-May,TDA,spill,kcfs,Spill,87.083
2004,7-May,TDA,spill,kcfs,Spill,83.125
2004,8-May,TDA,spill,kcfs,Spill,81.5
2004,9-May,TDA,spill,kcfs,Spill,79.333
2004,10-May,TDA,spill,kcfs,Spill,80.792
2004,11-May,TDA,spill,kcfs,Spill,88.875
2004,12-May,TDA,spill,kcfs,Spill,89.917
2004,13-May,TDA,spill,kcfs,Spill,83.25
2004,14-May,TDA,spill,kcfs,Spill,79.583
2004,15-May,TDA,spill,kcfs,Spill,77.708
2004,16-May,TDA,spill,kcfs,Spill,72
2004,17-May,TDA,spill,kcfs,Spill,84.458
2004,18-May,TDA,spill,kcfs,Spill,77.292
2004,19-May,TDA,spill,kcfs,Spill,85.458
2004,20-May,TDA,spill,kcfs,Spill,88.25
2004,21-May,TDA,spill,kcfs,Spill,87.417
2004,22-May,TDA,spill,kcfs,Spill,85.167
2004,23-May,TDA,spill,kcfs,Spill,83.542
2004,24-May,TDA,spill,kcfs,Spill,90.75
2004,25-May,TDA,spill,kcfs,Spill,87
2004,26-May,TDA,spill,kcfs,Spill,92.625
2004,27-May,TDA,spill,kcfs,Spill,100.417
2004,28-May,TDA,spill,kcfs,Spill,102.083
2004,29-May,TDA,spill,kcfs,Spill,118.958
2004,30-May,TDA,spill,kcfs,Spill,93.292
2004,31-May,TDA,spill,kcfs,Spill,115
2004,1-Jun,TDA,spill,kcfs,Spill,101.75
2003,20-Apr,BON,spill,kcfs,Spill,104
2003,21-Apr,BON,spill,kcfs,Spill,103.392
2003,22-Apr,BON,spill,kcfs,Spill,142.158
2003,23-Apr,BON,spill,kcfs,Spill,142.442
2003,24-Apr,BON,spill,kcfs,Spill,101.513
2003,25-Apr,BON,spill,kcfs,Spill,102.338
2003,26-Apr,BON,spill,kcfs,Spill,103.629
2003,27-Apr,BON,spill,kcfs,Spill,103.029
2003,28-Apr,BON,spill,kcfs,Spill,146.696
2003,29-Apr,BON,spill,kcfs,Spill,141.629
2003,30-Apr,BON,spill,kcfs,Spill,134.167
2003,1-May,BON,spill,kcfs,Spill,128.425
2003,2-May,BON,spill,kcfs,Spill,92.504
2003,3-May,BON,spill,kcfs,Spill,87.05
2003,4-May,BON,spill,kcfs,Spill,101.829
2003,5-May,BON,spill,kcfs,Spill,111.208
2003,6-May,BON,spill,kcfs,Spill,94.167
2003,7-May,BON,spill,kcfs,Spill,97.492
2003,8-May,BON,spill,kcfs,Spill,99.954
2003,9-May,BON,spill,kcfs,Spill,103.058
2003,10-May,BON,spill,kcfs,Spill,155.771
2003,11-May,BON,spill,kcfs,Spill,148.504
2003,12-May,BON,spill,kcfs,Spill,95.629
2003,13-May,BON,spill,kcfs,Spill,99.354
2003,14-May,BON,spill,kcfs,Spill,143.8
2003,15-May,BON,spill,kcfs,Spill,142.204
2003,16-May,BON,spill,kcfs,Spill,146.342
2003,17-May,BON,spill,kcfs,Spill,148.671
2003,18-May,BON,spill,kcfs,Spill,100.158
2003,19-May,BON,spill,kcfs,Spill,101.108
2003,20-May,BON,spill,kcfs,Spill,153.142
2003,21-May,BON,spill,kcfs,Spill,146.629
2003,22-May,BON,spill,kcfs,Spill,97.4
2003,23-May,BON,spill,kcfs,Spill,96.304
2003,24-May,BON,spill,kcfs,Spill,137.675
2003,25-May,BON,spill,kcfs,Spill,134.454
2003,26-May,BON,spill,kcfs,Spill,94.892
2003,27-May,BON,spill,kcfs,Spill,102.117
2003,28-May,BON,spill,kcfs,Spill,130.504
2003,29-May,BON,spill,kcfs,Spill,103.338
2003,30-May,BON,spill,kcfs,Spill,139.638
2003,31-May,BON,spill,kcfs,Spill,140.592
2003,1-Jun,BON,spill,kcfs,Spill,130.729
2003,20-Apr,JDA,spill,kcfs,Spill,55.813
2003,21-Apr,JDA,spill,kcfs,Spill,46.388
2003,22-Apr,JDA,spill,kcfs,Spill,54.492
2003,23-Apr,JDA,spill,kcfs,Spill,62.271
2003,24-Apr,JDA,spill,kcfs,Spill,66.313
2003,25-Apr,JDA,spill,kcfs,Spill,63.45
2003,26-Apr,JDA,spill,kcfs,Spill,73.183
2003,27-Apr,JDA,spill,kcfs,Spill,60.579
2003,28-Apr,JDA,spill,kcfs,Spill,64.346
2003,29-Apr,JDA,spill,kcfs,Spill,61.879
2003,30-Apr,JDA,spill,kcfs,Spill,57.125
2003,1-May,JDA,spill,kcfs,Spill,52.604
2003,2-May,JDA,spill,kcfs,Spill,52.908
2003,3-May,JDA,spill,kcfs,Spill,60.042
2003,4-May,JDA,spill,kcfs,Spill,52.867
2003,5-May,JDA,spill,kcfs,Spill,47.788
2003,6-May,JDA,spill,kcfs,Spill,52.596
2003,7-May,JDA,spill,kcfs,Spill,52.538
2003,8-May,JDA,spill,kcfs,Spill,53.217
2003,9-May,JDA,spill,kcfs,Spill,70.9
2003,10-May,JDA,spill,kcfs,Spill,52.375
2003,11-May,JDA,spill,kcfs,Spill,39.158
2003,12-May,JDA,spill,kcfs,Spill,50.992
2003,13-May,JDA,spill,kcfs,Spill,66.433
2003,14-May,JDA,spill,kcfs,Spill,72.342
2003,15-May,JDA,spill,kcfs,Spill,64.754
2003,16-May,JDA,spill,kcfs,Spill,64.908
2003,17-May,JDA,spill,kcfs,Spill,56.575
2003,18-May,JDA,spill,kcfs,Spill,60.192
2003,19-May,JDA,spill,kcfs,Spill,61.421
2003,20-May,JDA,spill,kcfs,Spill,48.633
2003,21-May,JDA,spill,kcfs,Spill,42.558
2003,22-May,JDA,spill,kcfs,Spill,58.333
2003,23-May,JDA,spill,kcfs,Spill,63.117
2003,24-May,JDA,spill,kcfs,Spill,60.463
2003,25-May,JDA,spill,kcfs,Spill,50.654
2003,26-May,JDA,spill,kcfs,Spill,56.521
2003,27-May,JDA,spill,kcfs,Spill,66.163
2003,28-May,JDA,spill,kcfs,Spill,70.633
2003,29-May,JDA,spill,kcfs,Spill,55.738
2003,30-May,JDA,spill,kcfs,Spill,87.329
2003,31-May,JDA,spill,kcfs,Spill,86.525
2003,1-Jun,JDA,spill,kcfs,Spill,70.767
2003,20-Apr,TDA,spill,kcfs,Spill,73.75
2003,21-Apr,TDA,spill,kcfs,Spill,69.417
2003,22-Apr,TDA,spill,kcfs,Spill,84.625
2003,23-Apr,TDA,spill,kcfs,Spill,93.542
2003,24-Apr,TDA,spill,kcfs,Spill,84.583
2003,25-Apr,TDA,spill,kcfs,Spill,76.917
2003,26-Apr,TDA,spill,kcfs,Spill,99.833
2003,27-Apr,TDA,spill,kcfs,Spill,76.667
2003,28-Apr,TDA,spill,kcfs,Spill,90
2003,29-Apr,TDA,spill,kcfs,Spill,85.417
2003,30-Apr,TDA,spill,kcfs,Spill,84.042
2003,1-May,TDA,spill,kcfs,Spill,88.583
2003,2-May,TDA,spill,kcfs,Spill,76.333
2003,3-May,TDA,spill,kcfs,Spill,77.792
2003,4-May,TDA,spill,kcfs,Spill,75.333
2003,5-May,TDA,spill,kcfs,Spill,84.333
2003,6-May,TDA,spill,kcfs,Spill,84.417
2003,7-May,TDA,spill,kcfs,Spill,95.75
2003,8-May,TDA,spill,kcfs,Spill,79.333
2003,9-May,TDA,spill,kcfs,Spill,91.583
2003,10-May,TDA,spill,kcfs,Spill,84.833
2003,11-May,TDA,spill,kcfs,Spill,66.958
2003,12-May,TDA,spill,kcfs,Spill,78.25
2003,13-May,TDA,spill,kcfs,Spill,77.458
2003,14-May,TDA,spill,kcfs,Spill,100.125
2003,15-May,TDA,spill,kcfs,Spill,85.333
2003,16-May,TDA,spill,kcfs,Spill,96.042
2003,17-May,TDA,spill,kcfs,Spill,92.667
2003,18-May,TDA,spill,kcfs,Spill,93.5
2003,19-May,TDA,spill,kcfs,Spill,86.75
2003,20-May,TDA,spill,kcfs,Spill,89.167
2003,21-May,TDA,spill,kcfs,Spill,83.542
2003,22-May,TDA,spill,kcfs,Spill,93.542
2003,23-May,TDA,spill,kcfs,Spill,93.042
2003,24-May,TDA,spill,kcfs,Spill,99.333
2003,25-May,TDA,spill,kcfs,Spill,98.208
2003,26-May,TDA,spill,kcfs,Spill,98.542
2003,27-May,TDA,spill,kcfs,Spill,113.75
2003,28-May,TDA,spill,kcfs,Spill,112.708
2003,29-May,TDA,spill,kcfs,Spill,96.417
2003,30-May,TDA,spill,kcfs,Spill,126.625
2003,31-May,TDA,spill,kcfs,Spill,137.75
2003,1-Jun,TDA,spill,kcfs,Spill,124
2002,20-Apr,BON,spill,kcfs,Spill,107.746
2002,21-Apr,BON,spill,kcfs,Spill,106.758
2002,22-Apr,BON,spill,kcfs,Spill,148.992
2002,23-Apr,BON,spill,kcfs,Spill,148.95
2002,24-Apr,BON,spill,kcfs,Spill,107.521
2002,25-Apr,BON,spill,kcfs,Spill,103.454
2002,26-Apr,BON,spill,kcfs,Spill,102.596
2002,27-Apr,BON,spill,kcfs,Spill,98.925
2002,28-Apr,BON,spill,kcfs,Spill,138.963
2002,29-Apr,BON,spill,kcfs,Spill,135.329
2002,30-Apr,BON,spill,kcfs,Spill,93.813
2002,1-May,BON,spill,kcfs,Spill,90.208
2002,2-May,BON,spill,kcfs,Spill,109.133
2002,3-May,BON,spill,kcfs,Spill,113.075
2002,4-May,BON,spill,kcfs,Spill,95.188
2002,5-May,BON,spill,kcfs,Spill,99.563
2002,6-May,BON,spill,kcfs,Spill,149.471
2002,7-May,BON,spill,kcfs,Spill,152.592
2002,8-May,BON,spill,kcfs,Spill,146.667
2002,9-May,BON,spill,kcfs,Spill,143.954
2002,10-May,BON,spill,kcfs,Spill,99.446
2002,11-May,BON,spill,kcfs,Spill,92.471
2002,12-May,BON,spill,kcfs,Spill,93.1
2002,13-May,BON,spill,kcfs,Spill,91.6
2002,14-May,BON,spill,kcfs,Spill,134.654
2002,15-May,BON,spill,kcfs,Spill,124.396
2002,16-May,BON,spill,kcfs,Spill,118.888
2002,17-May,BON,spill,kcfs,Spill,115.367
2002,18-May,BON,spill,kcfs,Spill,86.017
2002,19-May,BON,spill,kcfs,Spill,84.996
2002,20-May,BON,spill,kcfs,Spill,81.625
2002,21-May,BON,spill,kcfs,Spill,83.867
2002,22-May,BON,spill,kcfs,Spill,117.166
2002,23-May,BON,spill,kcfs,Spill,151.129
2002,24-May,BON,spill,kcfs,Spill,151.042
2002,25-May,BON,spill,kcfs,Spill,136.85
2002,26-May,BON,spill,kcfs,Spill,92.742
2002,27-May,BON,spill,kcfs,Spill,93.029
2002,28-May,BON,spill,kcfs,Spill,102.938
2002,29-May,BON,spill,kcfs,Spill,129.129
2002,30-May,BON,spill,kcfs,Spill,125.438
2002,31-May,BON,spill,kcfs,Spill,120.038
2002,1-Jun,BON,spill,kcfs,Spill,134.671
2002,20-Apr,JDA,spill,kcfs,Spill,90.354
2002,21-Apr,JDA,spill,kcfs,Spill,83.033
2002,22-Apr,JDA,spill,kcfs,Spill,51.121
2002,23-Apr,JDA,spill,kcfs,Spill,62.096
2002,24-Apr,JDA,spill,kcfs,Spill,92.029
2002,25-Apr,JDA,spill,kcfs,Spill,74.308
2002,26-Apr,JDA,spill,kcfs,Spill,67.458
2002,27-Apr,JDA,spill,kcfs,Spill,66.658
2002,28-Apr,JDA,spill,kcfs,Spill,42.317
2002,29-Apr,JDA,spill,kcfs,Spill,65.171
2002,30-Apr,JDA,spill,kcfs,Spill,86.625
2002,1-May,JDA,spill,kcfs,Spill,61.958
2002,2-May,JDA,spill,kcfs,Spill,38.263
2002,3-May,JDA,spill,kcfs,Spill,57.583
2002,4-May,JDA,spill,kcfs,Spill,88.017
2002,5-May,JDA,spill,kcfs,Spill,65.025
2002,6-May,JDA,spill,kcfs,Spill,51.321
2002,7-May,JDA,spill,kcfs,Spill,71.25
2002,8-May,JDA,spill,kcfs,Spill,74.929
2002,9-May,JDA,spill,kcfs,Spill,59.95
2002,10-May,JDA,spill,kcfs,Spill,68.417
2002,11-May,JDA,spill,kcfs,Spill,63.029
2002,12-May,JDA,spill,kcfs,Spill,50.929
2002,13-May,JDA,spill,kcfs,Spill,60.446
2002,14-May,JDA,spill,kcfs,Spill,46.075
2002,15-May,JDA,spill,kcfs,Spill,61.742
2002,16-May,JDA,spill,kcfs,Spill,59.675
2002,17-May,JDA,spill,kcfs,Spill,70.317
2002,18-May,JDA,spill,kcfs,Spill,78.65
2002,19-May,JDA,spill,kcfs,Spill,65.158
2002,20-May,JDA,spill,kcfs,Spill,67.142
2002,21-May,JDA,spill,kcfs,Spill,76.9
2002,22-May,JDA,spill,kcfs,Spill,59.683
2002,23-May,JDA,spill,kcfs,Spill,77.2
2002,24-May,JDA,spill,kcfs,Spill,76.088
2002,25-May,JDA,spill,kcfs,Spill,74.004
2002,26-May,JDA,spill,kcfs,Spill,89.771
2002,27-May,JDA,spill,kcfs,Spill,70.467
2002,28-May,JDA,spill,kcfs,Spill,77.25
2002,29-May,JDA,spill,kcfs,Spill,80.121
2002,30-May,JDA,spill,kcfs,Spill,82.629
2002,31-May,JDA,spill,kcfs,Spill,92.129
2002,1-Jun,JDA,spill,kcfs,Spill,116.213
2002,20-Apr,TDA,spill,kcfs,Spill,109
2002,21-Apr,TDA,spill,kcfs,Spill,111.292
2002,22-Apr,TDA,spill,kcfs,Spill,98.167
2002,23-Apr,TDA,spill,kcfs,Spill,107.333
2002,24-Apr,TDA,spill,kcfs,Spill,103.042
2002,25-Apr,TDA,spill,kcfs,Spill,94
2002,26-Apr,TDA,spill,kcfs,Spill,86
2002,27-Apr,TDA,spill,kcfs,Spill,82.125
2002,28-Apr,TDA,spill,kcfs,Spill,68.583
2002,29-Apr,TDA,spill,kcfs,Spill,79.75
2002,30-Apr,TDA,spill,kcfs,Spill,88.375
2002,1-May,TDA,spill,kcfs,Spill,81.792
2002,2-May,TDA,spill,kcfs,Spill,76.958
2002,3-May,TDA,spill,kcfs,Spill,91.167
2002,4-May,TDA,spill,kcfs,Spill,89.708
2002,5-May,TDA,spill,kcfs,Spill,84.5
2002,6-May,TDA,spill,kcfs,Spill,84.833
2002,7-May,TDA,spill,kcfs,Spill,93.75
2002,8-May,TDA,spill,kcfs,Spill,97.333
2002,9-May,TDA,spill,kcfs,Spill,78.958
2002,10-May,TDA,spill,kcfs,Spill,70.75
2002,11-May,TDA,spill,kcfs,Spill,81.208
2002,12-May,TDA,spill,kcfs,Spill,68.708
2002,13-May,TDA,spill,kcfs,Spill,80.208
2002,14-May,TDA,spill,kcfs,Spill,79.25
2002,15-May,TDA,spill,kcfs,Spill,82
2002,16-May,TDA,spill,kcfs,Spill,73.667
2002,17-May,TDA,spill,kcfs,Spill,85.5
2002,18-May,TDA,spill,kcfs,Spill,76.042
2002,19-May,TDA,spill,kcfs,Spill,82.833
2002,20-May,TDA,spill,kcfs,Spill,84.208
2002,21-May,TDA,spill,kcfs,Spill,86.333
2002,22-May,TDA,spill,kcfs,Spill,90.625
2002,23-May,TDA,spill,kcfs,Spill,101.833
2002,24-May,TDA,spill,kcfs,Spill,109.75
2002,25-May,TDA,spill,kcfs,Spill,95.958
2002,26-May,TDA,spill,kcfs,Spill,92.583
2002,27-May,TDA,spill,kcfs,Spill,85
2002,28-May,TDA,spill,kcfs,Spill,87.958
2002,29-May,TDA,spill,kcfs,Spill,80.833
2002,30-May,TDA,spill,kcfs,Spill,75
2002,31-May,TDA,spill,kcfs,Spill,75
2002,1-Jun,TDA,spill,kcfs,Spill,99.167
2001,20-Apr,BON,spill,kcfs,Spill,0
2001,21-Apr,BON,spill,kcfs,Spill,0
2001,22-Apr,BON,spill,kcfs,Spill,0
2001,23-Apr,BON,spill,kcfs,Spill,0
2001,24-Apr,BON,spill,kcfs,Spill,0
2001,25-Apr,BON,spill,kcfs,Spill,0
2001,26-Apr,BON,spill,kcfs,Spill,0
2001,27-Apr,BON,spill,kcfs,Spill,0
2001,28-Apr,BON,spill,kcfs,Spill,0
2001,29-Apr,BON,spill,kcfs,Spill,0
2001,30-Apr,BON,spill,kcfs,Spill,0
2001,1-May,BON,spill,kcfs,Spill,0
2001,2-May,BON,spill,kcfs,Spill,0
2001,3-May,BON,spill,kcfs,Spill,0
2001,4-May,BON,spill,kcfs,Spill,0
2001,5-May,BON,spill,kcfs,Spill,0
2001,6-May,BON,spill,kcfs,Spill,0
2001,7-May,BON,spill,kcfs,Spill,0
2001,8-May,BON,spill,kcfs,Spill,0
2001,9-May,BON,spill,kcfs,Spill,0
2001,10-May,BON,spill,kcfs,Spill,0
2001,11-May,BON,spill,kcfs,Spill,0
2001,12-May,BON,spill,kcfs,Spill,0
2001,13-May,BON,spill,kcfs,Spill,0
2001,14-May,BON,spill,kcfs,Spill,0
2001,15-May,BON,spill,kcfs,Spill,0
2001,16-May,BON,spill,kcfs,Spill,12.621
2001,17-May,BON,spill,kcfs,Spill,49.563
2001,18-May,BON,spill,kcfs,Spill,49.783
2001,19-May,BON,spill,kcfs,Spill,49.563
2001,20-May,BON,spill,kcfs,Spill,49.467
2001,21-May,BON,spill,kcfs,Spill,49.588
2001,22-May,BON,spill,kcfs,Spill,48.817
2001,23-May,BON,spill,kcfs,Spill,49.25
2001,24-May,BON,spill,kcfs,Spill,35.604
2001,25-May,BON,spill,kcfs,Spill,49.654
2001,26-May,BON,spill,kcfs,Spill,49.85
2001,27-May,BON,spill,kcfs,Spill,49.613
2001,28-May,BON,spill,kcfs,Spill,49.779
2001,29-May,BON,spill,kcfs,Spill,49.658
2001,30-May,BON,spill,kcfs,Spill,49.663
2001,31-May,BON,spill,kcfs,Spill,49.492
2001,1-Jun,BON,spill,kcfs,Spill,49.292
2001,20-Apr,JDA,spill,kcfs,Spill,0
2001,21-Apr,JDA,spill,kcfs,Spill,0
2001,22-Apr,JDA,spill,kcfs,Spill,0
2001,23-Apr,JDA,spill,kcfs,Spill,0
2001,24-Apr,JDA,spill,kcfs,Spill,0
2001,25-Apr,JDA,spill,kcfs,Spill,0
2001,26-Apr,JDA,spill,kcfs,Spill,0
2001,27-Apr,JDA,spill,kcfs,Spill,0
2001,28-Apr,JDA,spill,kcfs,Spill,0
2001,29-Apr,JDA,spill,kcfs,Spill,0
2001,30-Apr,JDA,spill,kcfs,Spill,0
2001,1-May,JDA,spill,kcfs,Spill,0
2001,2-May,JDA,spill,kcfs,Spill,0
2001,3-May,JDA,spill,kcfs,Spill,0
2001,4-May,JDA,spill,kcfs,Spill,0
2001,5-May,JDA,spill,kcfs,Spill,0
2001,6-May,JDA,spill,kcfs,Spill,0
2001,7-May,JDA,spill,kcfs,Spill,0
2001,8-May,JDA,spill,kcfs,Spill,0
2001,9-May,JDA,spill,kcfs,Spill,0
2001,10-May,JDA,spill,kcfs,Spill,0
2001,11-May,JDA,spill,kcfs,Spill,0
2001,12-May,JDA,spill,kcfs,Spill,0
2001,13-May,JDA,spill,kcfs,Spill,0
2001,14-May,JDA,spill,kcfs,Spill,0
2001,15-May,JDA,spill,kcfs,Spill,0
2001,16-May,JDA,spill,kcfs,Spill,0
2001,17-May,JDA,spill,kcfs,Spill,0
2001,18-May,JDA,spill,kcfs,Spill,0
2001,19-May,JDA,spill,kcfs,Spill,0
2001,20-May,JDA,spill,kcfs,Spill,0
2001,21-May,JDA,spill,kcfs,Spill,0
2001,22-May,JDA,spill,kcfs,Spill,0
2001,23-May,JDA,spill,kcfs,Spill,0
2001,24-May,JDA,spill,kcfs,Spill,0
2001,25-May,JDA,spill,kcfs,Spill,12.583
2001,26-May,JDA,spill,kcfs,Spill,17.633
2001,27-May,JDA,spill,kcfs,Spill,16.958
2001,28-May,JDA,spill,kcfs,Spill,15.092
2001,29-May,JDA,spill,kcfs,Spill,18.392
2001,30-May,JDA,spill,kcfs,Spill,23.821
2001,31-May,JDA,spill,kcfs,Spill,19.65
2001,1-Jun,JDA,spill,kcfs,Spill,20.775
2001,20-Apr,TDA,spill,kcfs,Spill,0
2001,21-Apr,TDA,spill,kcfs,Spill,0
2001,22-Apr,TDA,spill,kcfs,Spill,0
2001,23-Apr,TDA,spill,kcfs,Spill,0
2001,24-Apr,TDA,spill,kcfs,Spill,0
2001,25-Apr,TDA,spill,kcfs,Spill,0
2001,26-Apr,TDA,spill,kcfs,Spill,0
2001,27-Apr,TDA,spill,kcfs,Spill,0
2001,28-Apr,TDA,spill,kcfs,Spill,0
2001,29-Apr,TDA,spill,kcfs,Spill,0
2001,30-Apr,TDA,spill,kcfs,Spill,0
2001,1-May,TDA,spill,kcfs,Spill,0
2001,2-May,TDA,spill,kcfs,Spill,0
2001,3-May,TDA,spill,kcfs,Spill,0
2001,4-May,TDA,spill,kcfs,Spill,0
2001,5-May,TDA,spill,kcfs,Spill,0
2001,6-May,TDA,spill,kcfs,Spill,0
2001,7-May,TDA,spill,kcfs,Spill,0
2001,8-May,TDA,spill,kcfs,Spill,0
2001,9-May,TDA,spill,kcfs,Spill,0
2001,10-May,TDA,spill,kcfs,Spill,0
2001,11-May,TDA,spill,kcfs,Spill,0
2001,12-May,TDA,spill,kcfs,Spill,0
2001,13-May,TDA,spill,kcfs,Spill,0
2001,14-May,TDA,spill,kcfs,Spill,0
2001,15-May,TDA,spill,kcfs,Spill,0
2001,16-May,TDA,spill,kcfs,Spill,12.958
2001,17-May,TDA,spill,kcfs,Spill,50.667
2001,18-May,TDA,spill,kcfs,Spill,46.458
2001,19-May,TDA,spill,kcfs,Spill,35.375
2001,20-May,TDA,spill,kcfs,Spill,34.875
2001,21-May,TDA,spill,kcfs,Spill,38.208
2001,22-May,TDA,spill,kcfs,Spill,47.75
2001,23-May,TDA,spill,kcfs,Spill,53
2001,24-May,TDA,spill,kcfs,Spill,46.625
2001,25-May,TDA,spill,kcfs,Spill,43.625
2001,26-May,TDA,spill,kcfs,Spill,40.333
2001,27-May,TDA,spill,kcfs,Spill,35.875
2001,28-May,TDA,spill,kcfs,Spill,33.833
2001,29-May,TDA,spill,kcfs,Spill,45.125
2001,30-May,TDA,spill,kcfs,Spill,46.75
2001,31-May,TDA,spill,kcfs,Spill,48.375
2001,1-Jun,TDA,spill,kcfs,Spill,46.583
